,start_time,away_team,home_team
0,2019-10-22 19:00:00+00:00,NEW_ORLEANS_PELICANS,TORONTO_RAPTORS
1,2019-10-22 21:30:00+00:00,LOS_ANGELES_LAKERS,LOS_ANGELES_CLIPPERS
2,2019-10-23 18:00:00+00:00,CHICAGO_BULLS,CHARLOTTE_HORNETS
3,2019-10-23 18:00:00+00:00,DETROIT_PISTONS,INDIANA_PACERS
4,2019-10-23 18:00:00+00:00,CLEVELAND_CAVALIERS,ORLANDO_MAGIC
5,2019-10-23 18:30:00+00:00,MINNESOTA_TIMBERWOLVES,BROOKLYN_NETS
6,2019-10-23 18:30:00+00:00,MEMPHIS_GRIZZLIES,MIAMI_HEAT
7,2019-10-23 18:30:00+00:00,BOSTON_CELTICS,PHILADELPHIA_76ERS
8,2019-10-23 19:30:00+00:00,WASHINGTON_WIZARDS,DALLAS_MAVERICKS
9,2019-10-23 19:30:00+00:00,NEW_YORK_KNICKS,SAN_ANTONIO_SPURS
10,2019-10-23 20:00:00+00:00,OKLAHOMA_CITY_THUNDER,UTAH_JAZZ
11,2019-10-23 21:00:00+00:00,SACRAMENTO_KINGS,PHOENIX_SUNS
12,2019-10-23 21:00:00+00:00,DENVER_NUGGETS,PORTLAND_TRAIL_BLAZERS
13,2019-10-24 18:00:00+00:00,ATLANTA_HAWKS,DETROIT_PISTONS
14,2019-10-24 19:00:00+00:00,MILWAUKEE_BUCKS,HOUSTON_ROCKETS
15,2019-10-24 21:30:00+00:00,LOS_ANGELES_CLIPPERS,GOLDEN_STATE_WARRIORS
16,2019-10-25 18:00:00+00:00,TORONTO_RAPTORS,BOSTON_CELTICS
17,2019-10-25 18:00:00+00:00,MINNESOTA_TIMBERWOLVES,CHARLOTTE_HORNETS
18,2019-10-25 18:30:00+00:00,NEW_YORK_KNICKS,BROOKLYN_NETS
19,2019-10-25 19:00:00+00:00,CHICAGO_BULLS,MEMPHIS_GRIZZLIES
20,2019-10-25 19:00:00+00:00,DALLAS_MAVERICKS,NEW_ORLEANS_PELICANS
21,2019-10-25 19:00:00+00:00,WASHINGTON_WIZARDS,OKLAHOMA_CITY_THUNDER
22,2019-10-25 20:00:00+00:00,PHOENIX_SUNS,DENVER_NUGGETS
23,2019-10-25 21:00:00+00:00,PORTLAND_TRAIL_BLAZERS,SACRAMENTO_KINGS
24,2019-10-25 21:30:00+00:00,UTAH_JAZZ,LOS_ANGELES_LAKERS
25,2019-10-26 16:00:00+00:00,MIAMI_HEAT,MILWAUKEE_BUCKS
26,2019-10-26 18:00:00+00:00,PHILADELPHIA_76ERS,DETROIT_PISTONS
27,2019-10-26 18:30:00+00:00,ORLANDO_MAGIC,ATLANTA_HAWKS
28,2019-10-26 18:30:00+00:00,BOSTON_CELTICS,NEW_YORK_KNICKS
29,2019-10-26 19:00:00+00:00,TORONTO_RAPTORS,CHICAGO_BULLS
30,2019-10-26 19:00:00+00:00,INDIANA_PACERS,CLEVELAND_CAVALIERS
31,2019-10-26 19:00:00+00:00,NEW_ORLEANS_PELICANS,HOUSTON_ROCKETS
32,2019-10-26 19:30:00+00:00,WASHINGTON_WIZARDS,SAN_ANTONIO_SPURS
33,2019-10-26 20:00:00+00:00,SACRAMENTO_KINGS,UTAH_JAZZ
34,2019-10-26 21:00:00+00:00,LOS_ANGELES_CLIPPERS,PHOENIX_SUNS
35,2019-10-27 14:30:00+00:00,GOLDEN_STATE_WARRIORS,OKLAHOMA_CITY_THUNDER
36,2019-10-27 17:00:00+00:00,BROOKLYN_NETS,MEMPHIS_GRIZZLIES
37,2019-10-27 18:00:00+00:00,PORTLAND_TRAIL_BLAZERS,DALLAS_MAVERICKS
38,2019-10-27 18:00:00+00:00,MIAMI_HEAT,MINNESOTA_TIMBERWOLVES
39,2019-10-27 20:30:00+00:00,CHARLOTTE_HORNETS,LOS_ANGELES_LAKERS
40,2019-10-28 18:00:00+00:00,CHICAGO_BULLS,NEW_YORK_KNICKS
41,2019-10-28 18:00:00+00:00,INDIANA_PACERS,DETROIT_PISTONS
42,2019-10-28 18:30:00+00:00,ORLANDO_MAGIC,TORONTO_RAPTORS
43,2019-10-28 18:30:00+00:00,PHILADELPHIA_76ERS,ATLANTA_HAWKS
44,2019-10-28 19:00:00+00:00,OKLAHOMA_CITY_THUNDER,HOUSTON_ROCKETS
45,2019-10-28 19:00:00+00:00,CLEVELAND_CAVALIERS,MILWAUKEE_BUCKS
46,2019-10-28 19:00:00+00:00,GOLDEN_STATE_WARRIORS,NEW_ORLEANS_PELICANS
47,2019-10-28 19:30:00+00:00,PORTLAND_TRAIL_BLAZERS,SAN_ANTONIO_SPURS
48,2019-10-28 21:00:00+00:00,UTAH_JAZZ,PHOENIX_SUNS
49,2019-10-28 21:00:00+00:00,DENVER_NUGGETS,SACRAMENTO_KINGS
50,2019-10-28 21:30:00+00:00,CHARLOTTE_HORNETS,LOS_ANGELES_CLIPPERS
51,2019-10-29 18:30:00+00:00,ATLANTA_HAWKS,MIAMI_HEAT
52,2019-10-29 20:00:00+00:00,DALLAS_MAVERICKS,DENVER_NUGGETS
53,2019-10-29 21:30:00+00:00,MEMPHIS_GRIZZLIES,LOS_ANGELES_LAKERS
54,2019-10-30 18:00:00+00:00,CHICAGO_BULLS,CLEVELAND_CAVALIERS
55,2019-10-30 18:00:00+00:00,NEW_YORK_KNICKS,ORLANDO_MAGIC
56,2019-10-30 18:00:00+00:00,MINNESOTA_TIMBERWOLVES,PHILADELPHIA_76ERS
57,2019-10-30 18:30:00+00:00,MILWAUKEE_BUCKS,BOSTON_CELTICS
58,2019-10-30 18:30:00+00:00,INDIANA_PACERS,BROOKLYN_NETS
59,2019-10-30 18:30:00+00:00,DETROIT_PISTONS,TORONTO_RAPTORS
60,2019-10-30 19:00:00+00:00,PORTLAND_TRAIL_BLAZERS,OKLAHOMA_CITY_THUNDER
61,2019-10-30 19:00:00+00:00,HOUSTON_ROCKETS,WASHINGTON_WIZARDS
62,2019-10-30 21:00:00+00:00,CHARLOTTE_HORNETS,SACRAMENTO_KINGS
63,2019-10-30 21:00:00+00:00,LOS_ANGELES_CLIPPERS,UTAH_JAZZ
64,2019-10-30 21:30:00+00:00,PHOENIX_SUNS,GOLDEN_STATE_WARRIORS
65,2019-10-31 18:00:00+00:00,MIAMI_HEAT,ATLANTA_HAWKS
66,2019-10-31 20:30:00+00:00,DENVER_NUGGETS,NEW_ORLEANS_PELICANS
67,2019-10-31 21:30:00+00:00,SAN_ANTONIO_SPURS,LOS_ANGELES_CLIPPERS
68,2019-11-01 18:00:00+00:00,HOUSTON_ROCKETS,BROOKLYN_NETS
69,2019-11-01 18:00:00+00:00,CLEVELAND_CAVALIERS,INDIANA_PACERS
70,2019-11-01 18:00:00+00:00,MILWAUKEE_BUCKS,ORLANDO_MAGIC
71,2019-11-01 18:30:00+00:00,NEW_YORK_KNICKS,BOSTON_CELTICS
72,2019-11-01 19:00:00+00:00,DETROIT_PISTONS,CHICAGO_BULLS
73,2019-11-01 20:30:00+00:00,LOS_ANGELES_LAKERS,DALLAS_MAVERICKS
74,2019-11-01 21:00:00+00:00,UTAH_JAZZ,SACRAMENTO_KINGS
75,2019-11-01 21:30:00+00:00,SAN_ANTONIO_SPURS,GOLDEN_STATE_WARRIORS
76,2019-11-02 16:00:00+00:00,NEW_ORLEANS_PELICANS,OKLAHOMA_CITY_THUNDER
77,2019-11-02 18:00:00+00:00,BROOKLYN_NETS,DETROIT_PISTONS
78,2019-11-02 18:00:00+00:00,DENVER_NUGGETS,ORLANDO_MAGIC
79,2019-11-02 19:00:00+00:00,PHOENIX_SUNS,MEMPHIS_GRIZZLIES
80,2019-11-02 19:00:00+00:00,TORONTO_RAPTORS,MILWAUKEE_BUCKS
81,2019-11-02 19:00:00+00:00,MINNESOTA_TIMBERWOLVES,WASHINGTON_WIZARDS
82,2019-11-02 19:30:00+00:00,CHARLOTTE_HORNETS,GOLDEN_STATE_WARRIORS
83,2019-11-02 21:00:00+00:00,PHILADELPHIA_76ERS,PORTLAND_TRAIL_BLAZERS
84,2019-11-03 17:00:00+00:00,CHICAGO_BULLS,INDIANA_PACERS
85,2019-11-03 18:00:00+00:00,HOUSTON_ROCKETS,MIAMI_HEAT
86,2019-11-03 18:00:00+00:00,SACRAMENTO_KINGS,NEW_YORK_KNICKS
87,2019-11-03 19:00:00+00:00,LOS_ANGELES_LAKERS,SAN_ANTONIO_SPURS
88,2019-11-03 19:30:00+00:00,DALLAS_MAVERICKS,CLEVELAND_CAVALIERS
89,2019-11-03 21:00:00+00:00,UTAH_JAZZ,LOS_ANGELES_CLIPPERS
90,2019-11-04 19:00:00+00:00,DETROIT_PISTONS,WASHINGTON_WIZARDS
91,2019-11-04 19:30:00+00:00,NEW_ORLEANS_PELICANS,BROOKLYN_NETS
92,2019-11-04 20:00:00+00:00,HOUSTON_ROCKETS,MEMPHIS_GRIZZLIES
93,2019-11-04 20:00:00+00:00,MILWAUKEE_BUCKS,MINNESOTA_TIMBERWOLVES
94,2019-11-04 21:00:00+00:00,PHILADELPHIA_76ERS,PHOENIX_SUNS
95,2019-11-04 22:30:00+00:00,PORTLAND_TRAIL_BLAZERS,GOLDEN_STATE_WARRIORS
96,2019-11-05 19:00:00+00:00,INDIANA_PACERS,CHARLOTTE_HORNETS
97,2019-11-05 19:00:00+00:00,BOSTON_CELTICS,CLEVELAND_CAVALIERS
98,2019-11-05 19:30:00+00:00,SAN_ANTONIO_SPURS,ATLANTA_HAWKS
99,2019-11-05 20:00:00+00:00,LOS_ANGELES_LAKERS,CHICAGO_BULLS
100,2019-11-05 20:00:00+00:00,ORLANDO_MAGIC,OKLAHOMA_CITY_THUNDER
101,2019-11-05 21:00:00+00:00,MIAMI_HEAT,DENVER_NUGGETS
102,2019-11-06 19:00:00+00:00,NEW_YORK_KNICKS,DETROIT_PISTONS
103,2019-11-06 19:00:00+00:00,WASHINGTON_WIZARDS,INDIANA_PACERS
104,2019-11-06 19:30:00+00:00,CHICAGO_BULLS,ATLANTA_HAWKS
105,2019-11-06 19:30:00+00:00,GOLDEN_STATE_WARRIORS,HOUSTON_ROCKETS
106,2019-11-06 19:30:00+00:00,SACRAMENTO_KINGS,TORONTO_RAPTORS
107,2019-11-06 20:00:00+00:00,MINNESOTA_TIMBERWOLVES,MEMPHIS_GRIZZLIES
108,2019-11-06 20:30:00+00:00,ORLANDO_MAGIC,DALLAS_MAVERICKS
109,2019-11-06 21:00:00+00:00,PHILADELPHIA_76ERS,UTAH_JAZZ
110,2019-11-06 22:00:00+00:00,MILWAUKEE_BUCKS,LOS_ANGELES_CLIPPERS
111,2019-11-07 20:00:00+00:00,BOSTON_CELTICS,CHARLOTTE_HORNETS
112,2019-11-07 20:30:00+00:00,OKLAHOMA_CITY_THUNDER,SAN_ANTONIO_SPURS
113,2019-11-07 21:00:00+00:00,MIAMI_HEAT,PHOENIX_SUNS
114,2019-11-07 22:30:00+00:00,PORTLAND_TRAIL_BLAZERS,LOS_ANGELES_CLIPPERS
115,2019-11-08 19:00:00+00:00,DETROIT_PISTONS,INDIANA_PACERS
116,2019-11-08 19:00:00+00:00,MEMPHIS_GRIZZLIES,ORLANDO_MAGIC
117,2019-11-08 19:00:00+00:00,CLEVELAND_CAVALIERS,WASHINGTON_WIZARDS
118,2019-11-08 19:30:00+00:00,SACRAMENTO_KINGS,ATLANTA_HAWKS
119,2019-11-08 20:00:00+00:00,GOLDEN_STATE_WARRIORS,MINNESOTA_TIMBERWOLVES
120,2019-11-08 20:00:00+00:00,TORONTO_RAPTORS,NEW_ORLEANS_PELICANS
121,2019-11-08 20:30:00+00:00,NEW_YORK_KNICKS,DALLAS_MAVERICKS
122,2019-11-08 21:00:00+00:00,PHILADELPHIA_76ERS,DENVER_NUGGETS
123,2019-11-08 21:00:00+00:00,MILWAUKEE_BUCKS,UTAH_JAZZ
124,2019-11-08 22:00:00+00:00,BROOKLYN_NETS,PORTLAND_TRAIL_BLAZERS
125,2019-11-08 22:30:00+00:00,MIAMI_HEAT,LOS_ANGELES_LAKERS
126,2019-11-09 17:00:00+00:00,BOSTON_CELTICS,SAN_ANTONIO_SPURS
127,2019-11-09 19:00:00+00:00,NEW_ORLEANS_PELICANS,CHARLOTTE_HORNETS
128,2019-11-09 20:00:00+00:00,HOUSTON_ROCKETS,CHICAGO_BULLS
129,2019-11-09 20:00:00+00:00,DALLAS_MAVERICKS,MEMPHIS_GRIZZLIES
130,2019-11-09 20:00:00+00:00,GOLDEN_STATE_WARRIORS,OKLAHOMA_CITY_THUNDER
131,2019-11-10 15:30:00+00:00,DENVER_NUGGETS,MINNESOTA_TIMBERWOLVES
132,2019-11-10 18:00:00+00:00,INDIANA_PACERS,ORLANDO_MAGIC
133,2019-11-10 18:00:00+00:00,CHARLOTTE_HORNETS,PHILADELPHIA_76ERS
134,2019-11-10 19:00:00+00:00,MILWAUKEE_BUCKS,OKLAHOMA_CITY_THUNDER
135,2019-11-10 19:30:00+00:00,CLEVELAND_CAVALIERS,NEW_YORK_KNICKS
136,2019-11-10 20:00:00+00:00,BROOKLYN_NETS,PHOENIX_SUNS
137,2019-11-10 21:00:00+00:00,ATLANTA_HAWKS,PORTLAND_TRAIL_BLAZERS
138,2019-11-10 21:30:00+00:00,TORONTO_RAPTORS,LOS_ANGELES_LAKERS
139,2019-11-11 19:00:00+00:00,MINNESOTA_TIMBERWOLVES,DETROIT_PISTONS
140,2019-11-11 19:30:00+00:00,DALLAS_MAVERICKS,BOSTON_CELTICS
141,2019-11-11 19:30:00+00:00,MEMPHIS_GRIZZLIES,SAN_ANTONIO_SPURS
142,2019-11-11 20:00:00+00:00,HOUSTON_ROCKETS,NEW_ORLEANS_PELICANS
143,2019-11-11 22:30:00+00:00,UTAH_JAZZ,GOLDEN_STATE_WARRIORS
144,2019-11-11 22:30:00+00:00,TORONTO_RAPTORS,LOS_ANGELES_CLIPPERS
145,2019-11-12 19:00:00+00:00,OKLAHOMA_CITY_THUNDER,INDIANA_PACERS
146,2019-11-12 19:00:00+00:00,CLEVELAND_CAVALIERS,PHILADELPHIA_76ERS
147,2019-11-12 19:30:00+00:00,DETROIT_PISTONS,MIAMI_HEAT
148,2019-11-12 20:00:00+00:00,NEW_YORK_KNICKS,CHICAGO_BULLS
149,2019-11-12 21:00:00+00:00,ATLANTA_HAWKS,DENVER_NUGGETS
150,2019-11-12 21:00:00+00:00,LOS_ANGELES_LAKERS,PHOENIX_SUNS
151,2019-11-12 21:00:00+00:00,BROOKLYN_NETS,UTAH_JAZZ
152,2019-11-12 22:00:00+00:00,PORTLAND_TRAIL_BLAZERS,SACRAMENTO_KINGS
153,2019-11-13 19:00:00+00:00,MEMPHIS_GRIZZLIES,CHARLOTTE_HORNETS
154,2019-11-13 19:00:00+00:00,PHILADELPHIA_76ERS,ORLANDO_MAGIC
155,2019-11-13 19:30:00+00:00,WASHINGTON_WIZARDS,BOSTON_CELTICS
156,2019-11-13 19:30:00+00:00,LOS_ANGELES_CLIPPERS,HOUSTON_ROCKETS
157,2019-11-13 20:00:00+00:00,SAN_ANTONIO_SPURS,MINNESOTA_TIMBERWOLVES
158,2019-11-13 22:00:00+00:00,GOLDEN_STATE_WARRIORS,LOS_ANGELES_LAKERS
159,2019-11-13 22:00:00+00:00,TORONTO_RAPTORS,PORTLAND_TRAIL_BLAZERS
160,2019-11-14 18:00:00+00:00,MIAMI_HEAT,CLEVELAND_CAVALIERS
161,2019-11-14 20:00:00+00:00,CHICAGO_BULLS,MILWAUKEE_BUCKS
162,2019-11-14 20:00:00+00:00,LOS_ANGELES_CLIPPERS,NEW_ORLEANS_PELICANS
163,2019-11-14 20:00:00+00:00,DALLAS_MAVERICKS,NEW_YORK_KNICKS
164,2019-11-14 21:00:00+00:00,ATLANTA_HAWKS,PHOENIX_SUNS
165,2019-11-14 22:30:00+00:00,BROOKLYN_NETS,DENVER_NUGGETS
166,2019-11-15 19:00:00+00:00,DETROIT_PISTONS,CHARLOTTE_HORNETS
167,2019-11-15 19:00:00+00:00,SAN_ANTONIO_SPURS,ORLANDO_MAGIC
168,2019-11-15 20:00:00+00:00,INDIANA_PACERS,HOUSTON_ROCKETS
169,2019-11-15 20:00:00+00:00,UTAH_JAZZ,MEMPHIS_GRIZZLIES
170,2019-11-15 20:00:00+00:00,WASHINGTON_WIZARDS,MINNESOTA_TIMBERWOLVES
171,2019-11-15 20:00:00+00:00,PHILADELPHIA_76ERS,OKLAHOMA_CITY_THUNDER
172,2019-11-15 22:30:00+00:00,BOSTON_CELTICS,GOLDEN_STATE_WARRIORS
173,2019-11-15 22:30:00+00:00,SACRAMENTO_KINGS,LOS_ANGELES_LAKERS
174,2019-11-16 18:00:00+00:00,BROOKLYN_NETS,CHICAGO_BULLS
175,2019-11-16 19:00:00+00:00,MILWAUKEE_BUCKS,INDIANA_PACERS
176,2019-11-16 19:30:00+00:00,CHARLOTTE_HORNETS,NEW_YORK_KNICKS
177,2019-11-16 20:00:00+00:00,NEW_ORLEANS_PELICANS,MIAMI_HEAT
178,2019-11-16 20:00:00+00:00,HOUSTON_ROCKETS,MINNESOTA_TIMBERWOLVES
179,2019-11-16 20:30:00+00:00,TORONTO_RAPTORS,DALLAS_MAVERICKS
180,2019-11-16 20:30:00+00:00,PORTLAND_TRAIL_BLAZERS,SAN_ANTONIO_SPURS
181,2019-11-16 22:30:00+00:00,ATLANTA_HAWKS,LOS_ANGELES_CLIPPERS
182,2019-11-17 15:00:00+00:00,PHILADELPHIA_76ERS,CLEVELAND_CAVALIERS
183,2019-11-17 15:30:00+00:00,BOSTON_CELTICS,SACRAMENTO_KINGS
184,2019-11-17 18:00:00+00:00,DENVER_NUGGETS,MEMPHIS_GRIZZLIES
185,2019-11-17 18:00:00+00:00,WASHINGTON_WIZARDS,ORLANDO_MAGIC
186,2019-11-17 19:00:00+00:00,GOLDEN_STATE_WARRIORS,NEW_ORLEANS_PELICANS
187,2019-11-17 21:30:00+00:00,ATLANTA_HAWKS,LOS_ANGELES_LAKERS
188,2019-11-18 19:00:00+00:00,CLEVELAND_CAVALIERS,NEW_YORK_KNICKS
189,2019-11-18 19:30:00+00:00,INDIANA_PACERS,BROOKLYN_NETS
190,2019-11-18 19:30:00+00:00,CHARLOTTE_HORNETS,TORONTO_RAPTORS
191,2019-11-18 20:00:00+00:00,MILWAUKEE_BUCKS,CHICAGO_BULLS
192,2019-11-18 20:00:00+00:00,PORTLAND_TRAIL_BLAZERS,HOUSTON_ROCKETS
193,2019-11-18 20:30:00+00:00,SAN_ANTONIO_SPURS,DALLAS_MAVERICKS
194,2019-11-18 21:00:00+00:00,BOSTON_CELTICS,PHOENIX_SUNS
195,2019-11-18 21:00:00+00:00,MINNESOTA_TIMBERWOLVES,UTAH_JAZZ
196,2019-11-18 22:30:00+00:00,OKLAHOMA_CITY_THUNDER,LOS_ANGELES_CLIPPERS
197,2019-11-19 20:00:00+00:00,GOLDEN_STATE_WARRIORS,MEMPHIS_GRIZZLIES
198,2019-11-19 20:00:00+00:00,PORTLAND_TRAIL_BLAZERS,NEW_ORLEANS_PELICANS
199,2019-11-19 22:00:00+00:00,PHOENIX_SUNS,SACRAMENTO_KINGS
200,2019-11-19 22:30:00+00:00,OKLAHOMA_CITY_THUNDER,LOS_ANGELES_LAKERS
201,2019-11-20 19:00:00+00:00,NEW_YORK_KNICKS,PHILADELPHIA_76ERS
202,2019-11-20 19:00:00+00:00,SAN_ANTONIO_SPURS,WASHINGTON_WIZARDS
203,2019-11-20 19:30:00+00:00,MILWAUKEE_BUCKS,ATLANTA_HAWKS
204,2019-11-20 19:30:00+00:00,CHARLOTTE_HORNETS,BROOKLYN_NETS
205,2019-11-20 19:30:00+00:00,GOLDEN_STATE_WARRIORS,DALLAS_MAVERICKS
206,2019-11-20 19:30:00+00:00,CLEVELAND_CAVALIERS,MIAMI_HEAT
207,2019-11-20 19:30:00+00:00,ORLANDO_MAGIC,TORONTO_RAPTORS
208,2019-11-20 20:00:00+00:00,DETROIT_PISTONS,CHICAGO_BULLS
209,2019-11-20 20:00:00+00:00,UTAH_JAZZ,MINNESOTA_TIMBERWOLVES
210,2019-11-20 21:00:00+00:00,HOUSTON_ROCKETS,DENVER_NUGGETS
211,2019-11-20 22:00:00+00:00,BOSTON_CELTICS,LOS_ANGELES_CLIPPERS
212,2019-11-21 20:00:00+00:00,PORTLAND_TRAIL_BLAZERS,MILWAUKEE_BUCKS
213,2019-11-21 22:30:00+00:00,NEW_ORLEANS_PELICANS,PHOENIX_SUNS
214,2019-11-22 19:00:00+00:00,ATLANTA_HAWKS,DETROIT_PISTONS
215,2019-11-22 19:00:00+00:00,CHARLOTTE_HORNETS,WASHINGTON_WIZARDS
216,2019-11-22 19:30:00+00:00,SACRAMENTO_KINGS,BROOKLYN_NETS
217,2019-11-22 20:00:00+00:00,MIAMI_HEAT,CHICAGO_BULLS
218,2019-11-22 20:00:00+00:00,LOS_ANGELES_LAKERS,OKLAHOMA_CITY_THUNDER
219,2019-11-22 20:00:00+00:00,SAN_ANTONIO_SPURS,PHILADELPHIA_76ERS
220,2019-11-22 20:30:00+00:00,CLEVELAND_CAVALIERS,DALLAS_MAVERICKS
221,2019-11-22 21:00:00+00:00,BOSTON_CELTICS,DENVER_NUGGETS
222,2019-11-22 21:00:00+00:00,GOLDEN_STATE_WARRIORS,UTAH_JAZZ
223,2019-11-22 22:30:00+00:00,HOUSTON_ROCKETS,LOS_ANGELES_CLIPPERS
224,2019-11-23 17:00:00+00:00,PHOENIX_SUNS,MINNESOTA_TIMBERWOLVES
225,2019-11-23 19:00:00+00:00,CHICAGO_BULLS,CHARLOTTE_HORNETS
226,2019-11-23 19:00:00+00:00,ORLANDO_MAGIC,INDIANA_PACERS
227,2019-11-23 19:30:00+00:00,TORONTO_RAPTORS,ATLANTA_HAWKS
228,2019-11-23 19:30:00+00:00,SAN_ANTONIO_SPURS,NEW_YORK_KNICKS
229,2019-11-23 19:30:00+00:00,MIAMI_HEAT,PHILADELPHIA_76ERS
230,2019-11-23 20:00:00+00:00,PORTLAND_TRAIL_BLAZERS,CLEVELAND_CAVALIERS
231,2019-11-23 20:00:00+00:00,LOS_ANGELES_LAKERS,MEMPHIS_GRIZZLIES
232,2019-11-23 20:30:00+00:00,DETROIT_PISTONS,MILWAUKEE_BUCKS
233,2019-11-23 21:00:00+00:00,NEW_ORLEANS_PELICANS,UTAH_JAZZ
234,2019-11-24 15:30:00+00:00,DALLAS_MAVERICKS,HOUSTON_ROCKETS
235,2019-11-24 18:00:00+00:00,BROOKLYN_NETS,NEW_YORK_KNICKS
236,2019-11-24 18:00:00+00:00,SACRAMENTO_KINGS,WASHINGTON_WIZARDS
237,2019-11-24 20:00:00+00:00,PHOENIX_SUNS,DENVER_NUGGETS
238,2019-11-24 21:00:00+00:00,NEW_ORLEANS_PELICANS,LOS_ANGELES_CLIPPERS
239,2019-11-25 19:00:00+00:00,BROOKLYN_NETS,CLEVELAND_CAVALIERS
240,2019-11-25 19:00:00+00:00,ORLANDO_MAGIC,DETROIT_PISTONS
241,2019-11-25 19:00:00+00:00,MEMPHIS_GRIZZLIES,INDIANA_PACERS
242,2019-11-25 19:30:00+00:00,MINNESOTA_TIMBERWOLVES,ATLANTA_HAWKS
243,2019-11-25 19:30:00+00:00,SACRAMENTO_KINGS,BOSTON_CELTICS
244,2019-11-25 19:30:00+00:00,CHARLOTTE_HORNETS,MIAMI_HEAT
245,2019-11-25 19:30:00+00:00,PHILADELPHIA_76ERS,TORONTO_RAPTORS
246,2019-11-25 20:00:00+00:00,PORTLAND_TRAIL_BLAZERS,CHICAGO_BULLS
247,2019-11-25 20:00:00+00:00,UTAH_JAZZ,MILWAUKEE_BUCKS
248,2019-11-25 20:30:00+00:00,LOS_ANGELES_LAKERS,SAN_ANTONIO_SPURS
249,2019-11-25 22:30:00+00:00,OKLAHOMA_CITY_THUNDER,GOLDEN_STATE_WARRIORS
250,2019-11-26 20:30:00+00:00,LOS_ANGELES_CLIPPERS,DALLAS_MAVERICKS
251,2019-11-26 21:00:00+00:00,WASHINGTON_WIZARDS,DENVER_NUGGETS
252,2019-11-27 19:00:00+00:00,BROOKLYN_NETS,BOSTON_CELTICS
253,2019-11-27 19:00:00+00:00,DETROIT_PISTONS,CHARLOTTE_HORNETS
254,2019-11-27 19:00:00+00:00,ORLANDO_MAGIC,CLEVELAND_CAVALIERS
255,2019-11-27 19:00:00+00:00,UTAH_JAZZ,INDIANA_PACERS
256,2019-11-27 19:00:00+00:00,SACRAMENTO_KINGS,PHILADELPHIA_76ERS
257,2019-11-27 19:30:00+00:00,NEW_YORK_KNICKS,TORONTO_RAPTORS
258,2019-11-27 20:00:00+00:00,MIAMI_HEAT,HOUSTON_ROCKETS
259,2019-11-27 20:00:00+00:00,LOS_ANGELES_CLIPPERS,MEMPHIS_GRIZZLIES
260,2019-11-27 20:00:00+00:00,ATLANTA_HAWKS,MILWAUKEE_BUCKS
261,2019-11-27 20:30:00+00:00,MINNESOTA_TIMBERWOLVES,SAN_ANTONIO_SPURS
262,2019-11-27 21:00:00+00:00,WASHINGTON_WIZARDS,PHOENIX_SUNS
263,2019-11-27 21:30:00+00:00,LOS_ANGELES_LAKERS,NEW_ORLEANS_PELICANS
264,2019-11-27 22:00:00+00:00,OKLAHOMA_CITY_THUNDER,PORTLAND_TRAIL_BLAZERS
265,2019-11-27 22:30:00+00:00,CHICAGO_BULLS,GOLDEN_STATE_WARRIORS
266,2019-11-29 12:00:00+00:00,BOSTON_CELTICS,BROOKLYN_NETS
267,2019-11-29 19:00:00+00:00,CHARLOTTE_HORNETS,DETROIT_PISTONS
268,2019-11-29 19:00:00+00:00,TORONTO_RAPTORS,ORLANDO_MAGIC
269,2019-11-29 19:30:00+00:00,MILWAUKEE_BUCKS,CLEVELAND_CAVALIERS
270,2019-11-29 19:30:00+00:00,PHILADELPHIA_76ERS,NEW_YORK_KNICKS
271,2019-11-29 20:00:00+00:00,ATLANTA_HAWKS,INDIANA_PACERS
272,2019-11-29 20:00:00+00:00,UTAH_JAZZ,MEMPHIS_GRIZZLIES
273,2019-11-29 20:00:00+00:00,GOLDEN_STATE_WARRIORS,MIAMI_HEAT
274,2019-11-29 20:00:00+00:00,NEW_ORLEANS_PELICANS,OKLAHOMA_CITY_THUNDER
275,2019-11-29 20:30:00+00:00,LOS_ANGELES_CLIPPERS,SAN_ANTONIO_SPURS
276,2019-11-29 21:00:00+00:00,DALLAS_MAVERICKS,PHOENIX_SUNS
277,2019-11-29 22:00:00+00:00,CHICAGO_BULLS,PORTLAND_TRAIL_BLAZERS
278,2019-11-29 22:30:00+00:00,WASHINGTON_WIZARDS,LOS_ANGELES_LAKERS
279,2019-11-30 17:00:00+00:00,DENVER_NUGGETS,SACRAMENTO_KINGS
280,2019-11-30 19:00:00+00:00,INDIANA_PACERS,PHILADELPHIA_76ERS
281,2019-11-30 20:00:00+00:00,ATLANTA_HAWKS,HOUSTON_ROCKETS
282,2019-11-30 20:00:00+00:00,CHARLOTTE_HORNETS,MILWAUKEE_BUCKS
283,2019-12-01 15:00:00+00:00,MIAMI_HEAT,BROOKLYN_NETS
284,2019-12-01 15:30:00+00:00,MEMPHIS_GRIZZLIES,MINNESOTA_TIMBERWOLVES
285,2019-12-01 15:30:00+00:00,BOSTON_CELTICS,NEW_YORK_KNICKS
286,2019-12-01 16:00:00+00:00,DALLAS_MAVERICKS,LOS_ANGELES_LAKERS
287,2019-12-01 17:00:00+00:00,SAN_ANTONIO_SPURS,DETROIT_PISTONS
288,2019-12-01 17:00:00+00:00,OKLAHOMA_CITY_THUNDER,NEW_ORLEANS_PELICANS
289,2019-12-01 18:00:00+00:00,GOLDEN_STATE_WARRIORS,ORLANDO_MAGIC
290,2019-12-01 18:00:00+00:00,UTAH_JAZZ,TORONTO_RAPTORS
291,2019-12-01 22:30:00+00:00,WASHINGTON_WIZARDS,LOS_ANGELES_CLIPPERS
292,2019-12-02 19:00:00+00:00,PHOENIX_SUNS,CHARLOTTE_HORNETS
293,2019-12-02 19:00:00+00:00,UTAH_JAZZ,PHILADELPHIA_76ERS
294,2019-12-02 19:30:00+00:00,GOLDEN_STATE_WARRIORS,ATLANTA_HAWKS
295,2019-12-02 20:00:00+00:00,INDIANA_PACERS,MEMPHIS_GRIZZLIES
296,2019-12-02 20:00:00+00:00,NEW_YORK_KNICKS,MILWAUKEE_BUCKS
297,2019-12-02 22:00:00+00:00,CHICAGO_BULLS,SACRAMENTO_KINGS
298,2019-12-03 19:00:00+00:00,DETROIT_PISTONS,CLEVELAND_CAVALIERS
299,2019-12-03 19:00:00+00:00,ORLANDO_MAGIC,WASHINGTON_WIZARDS
300,2019-12-03 19:30:00+00:00,DALLAS_MAVERICKS,NEW_ORLEANS_PELICANS
301,2019-12-03 19:30:00+00:00,MIAMI_HEAT,TORONTO_RAPTORS
302,2019-12-03 20:30:00+00:00,HOUSTON_ROCKETS,SAN_ANTONIO_SPURS
303,2019-12-03 21:00:00+00:00,LOS_ANGELES_LAKERS,DENVER_NUGGETS
304,2019-12-03 22:00:00+00:00,PORTLAND_TRAIL_BLAZERS,LOS_ANGELES_CLIPPERS
305,2019-12-04 19:00:00+00:00,GOLDEN_STATE_WARRIORS,CHARLOTTE_HORNETS
306,2019-12-04 19:00:00+00:00,MILWAUKEE_BUCKS,DETROIT_PISTONS
307,2019-12-04 19:00:00+00:00,PHOENIX_SUNS,ORLANDO_MAGIC
308,2019-12-04 19:30:00+00:00,BROOKLYN_NETS,ATLANTA_HAWKS
309,2019-12-04 19:30:00+00:00,MIAMI_HEAT,BOSTON_CELTICS
310,2019-12-04 20:00:00+00:00,MEMPHIS_GRIZZLIES,CHICAGO_BULLS
311,2019-12-04 20:00:00+00:00,INDIANA_PACERS,OKLAHOMA_CITY_THUNDER
312,2019-12-04 20:30:00+00:00,MINNESOTA_TIMBERWOLVES,DALLAS_MAVERICKS
313,2019-12-04 21:00:00+00:00,LOS_ANGELES_LAKERS,UTAH_JAZZ
314,2019-12-04 22:00:00+00:00,SACRAMENTO_KINGS,PORTLAND_TRAIL_BLAZERS
315,2019-12-05 19:00:00+00:00,PHILADELPHIA_76ERS,WASHINGTON_WIZARDS
316,2019-12-05 19:30:00+00:00,DENVER_NUGGETS,NEW_YORK_KNICKS
317,2019-12-05 19:30:00+00:00,HOUSTON_ROCKETS,TORONTO_RAPTORS
318,2019-12-05 20:00:00+00:00,PHOENIX_SUNS,NEW_ORLEANS_PELICANS
319,2019-12-06 19:00:00+00:00,BROOKLYN_NETS,CHARLOTTE_HORNETS
320,2019-12-06 19:00:00+00:00,ORLANDO_MAGIC,CLEVELAND_CAVALIERS
321,2019-12-06 19:00:00+00:00,INDIANA_PACERS,DETROIT_PISTONS
322,2019-12-06 20:00:00+00:00,DENVER_NUGGETS,BOSTON_CELTICS
323,2019-12-06 20:00:00+00:00,GOLDEN_STATE_WARRIORS,CHICAGO_BULLS
324,2019-12-06 20:00:00+00:00,WASHINGTON_WIZARDS,MIAMI_HEAT
325,2019-12-06 20:00:00+00:00,MINNESOTA_TIMBERWOLVES,OKLAHOMA_CITY_THUNDER
326,2019-12-06 20:30:00+00:00,LOS_ANGELES_CLIPPERS,MILWAUKEE_BUCKS
327,2019-12-06 20:30:00+00:00,SACRAMENTO_KINGS,SAN_ANTONIO_SPURS
328,2019-12-06 22:30:00+00:00,LOS_ANGELES_LAKERS,PORTLAND_TRAIL_BLAZERS
329,2019-12-07 14:00:00+00:00,NEW_ORLEANS_PELICANS,DALLAS_MAVERICKS
330,2019-12-07 19:30:00+00:00,INDIANA_PACERS,NEW_YORK_KNICKS
331,2019-12-07 19:30:00+00:00,CLEVELAND_CAVALIERS,PHILADELPHIA_76ERS
332,2019-12-07 20:00:00+00:00,PHOENIX_SUNS,HOUSTON_ROCKETS
333,2019-12-07 22:00:00+00:00,MEMPHIS_GRIZZLIES,UTAH_JAZZ
334,2019-12-08 15:00:00+00:00,DENVER_NUGGETS,BROOKLYN_NETS
335,2019-12-08 17:00:00+00:00,ATLANTA_HAWKS,CHARLOTTE_HORNETS
336,2019-12-08 18:00:00+00:00,CHICAGO_BULLS,MIAMI_HEAT
337,2019-12-08 18:00:00+00:00,TORONTO_RAPTORS,PHILADELPHIA_76ERS
338,2019-12-08 18:00:00+00:00,LOS_ANGELES_CLIPPERS,WASHINGTON_WIZARDS
339,2019-12-08 19:00:00+00:00,SACRAMENTO_KINGS,DALLAS_MAVERICKS
340,2019-12-08 21:00:00+00:00,OKLAHOMA_CITY_THUNDER,PORTLAND_TRAIL_BLAZERS
341,2019-12-08 21:30:00+00:00,MINNESOTA_TIMBERWOLVES,LOS_ANGELES_LAKERS
342,2019-12-09 19:00:00+00:00,LOS_ANGELES_CLIPPERS,INDIANA_PACERS
343,2019-12-09 19:30:00+00:00,CLEVELAND_CAVALIERS,BOSTON_CELTICS
344,2019-12-09 20:00:00+00:00,TORONTO_RAPTORS,CHICAGO_BULLS
345,2019-12-09 20:00:00+00:00,SACRAMENTO_KINGS,HOUSTON_ROCKETS
346,2019-12-09 20:00:00+00:00,ORLANDO_MAGIC,MILWAUKEE_BUCKS
347,2019-12-09 20:00:00+00:00,DETROIT_PISTONS,NEW_ORLEANS_PELICANS
348,2019-12-09 21:00:00+00:00,MINNESOTA_TIMBERWOLVES,PHOENIX_SUNS
349,2019-12-09 21:00:00+00:00,OKLAHOMA_CITY_THUNDER,UTAH_JAZZ
350,2019-12-09 22:30:00+00:00,MEMPHIS_GRIZZLIES,GOLDEN_STATE_WARRIORS
351,2019-12-10 19:00:00+00:00,WASHINGTON_WIZARDS,CHARLOTTE_HORNETS
352,2019-12-10 20:00:00+00:00,ATLANTA_HAWKS,MIAMI_HEAT
353,2019-12-10 20:00:00+00:00,DENVER_NUGGETS,PHILADELPHIA_76ERS
354,2019-12-10 22:00:00+00:00,NEW_YORK_KNICKS,PORTLAND_TRAIL_BLAZERS
355,2019-12-11 19:00:00+00:00,HOUSTON_ROCKETS,CLEVELAND_CAVALIERS
356,2019-12-11 19:00:00+00:00,BOSTON_CELTICS,INDIANA_PACERS
357,2019-12-11 19:00:00+00:00,LOS_ANGELES_LAKERS,ORLANDO_MAGIC
358,2019-12-11 19:00:00+00:00,LOS_ANGELES_CLIPPERS,TORONTO_RAPTORS
359,2019-12-11 19:30:00+00:00,CHARLOTTE_HORNETS,BROOKLYN_NETS
360,2019-12-11 20:00:00+00:00,ATLANTA_HAWKS,CHICAGO_BULLS
361,2019-12-11 20:00:00+00:00,UTAH_JAZZ,MINNESOTA_TIMBERWOLVES
362,2019-12-11 21:00:00+00:00,MEMPHIS_GRIZZLIES,PHOENIX_SUNS
363,2019-12-11 21:30:00+00:00,NEW_ORLEANS_PELICANS,MILWAUKEE_BUCKS
364,2019-12-11 22:00:00+00:00,OKLAHOMA_CITY_THUNDER,SACRAMENTO_KINGS
365,2019-12-11 22:30:00+00:00,NEW_YORK_KNICKS,GOLDEN_STATE_WARRIORS
366,2019-12-12 20:00:00+00:00,PHILADELPHIA_76ERS,BOSTON_CELTICS
367,2019-12-12 20:30:00+00:00,CLEVELAND_CAVALIERS,SAN_ANTONIO_SPURS
368,2019-12-12 21:00:00+00:00,DALLAS_MAVERICKS,DETROIT_PISTONS
369,2019-12-12 22:30:00+00:00,PORTLAND_TRAIL_BLAZERS,DENVER_NUGGETS
370,2019-12-13 19:00:00+00:00,LOS_ANGELES_LAKERS,MIAMI_HEAT
371,2019-12-13 19:00:00+00:00,HOUSTON_ROCKETS,ORLANDO_MAGIC
372,2019-12-13 19:00:00+00:00,NEW_ORLEANS_PELICANS,PHILADELPHIA_76ERS
373,2019-12-13 19:30:00+00:00,INDIANA_PACERS,ATLANTA_HAWKS
374,2019-12-13 20:00:00+00:00,CHARLOTTE_HORNETS,CHICAGO_BULLS
375,2019-12-13 20:00:00+00:00,MILWAUKEE_BUCKS,MEMPHIS_GRIZZLIES
376,2019-12-13 21:00:00+00:00,GOLDEN_STATE_WARRIORS,UTAH_JAZZ
377,2019-12-13 21:30:00+00:00,LOS_ANGELES_CLIPPERS,MINNESOTA_TIMBERWOLVES
378,2019-12-13 22:00:00+00:00,NEW_YORK_KNICKS,SACRAMENTO_KINGS
379,2019-12-14 17:00:00+00:00,SAN_ANTONIO_SPURS,PHOENIX_SUNS
380,2019-12-14 19:30:00+00:00,BROOKLYN_NETS,TORONTO_RAPTORS
381,2019-12-14 20:00:00+00:00,LOS_ANGELES_CLIPPERS,CHICAGO_BULLS
382,2019-12-14 20:00:00+00:00,WASHINGTON_WIZARDS,MEMPHIS_GRIZZLIES
383,2019-12-14 20:30:00+00:00,MIAMI_HEAT,DALLAS_MAVERICKS
384,2019-12-14 20:30:00+00:00,CLEVELAND_CAVALIERS,MILWAUKEE_BUCKS
385,2019-12-14 21:00:00+00:00,OKLAHOMA_CITY_THUNDER,DENVER_NUGGETS
386,2019-12-14 21:00:00+00:00,DETROIT_PISTONS,HOUSTON_ROCKETS
387,2019-12-15 15:30:00+00:00,ORLANDO_MAGIC,NEW_ORLEANS_PELICANS
388,2019-12-15 17:00:00+00:00,CHARLOTTE_HORNETS,INDIANA_PACERS
389,2019-12-15 18:00:00+00:00,LOS_ANGELES_LAKERS,ATLANTA_HAWKS
390,2019-12-15 18:00:00+00:00,PHILADELPHIA_76ERS,BROOKLYN_NETS
391,2019-12-15 20:00:00+00:00,NEW_YORK_KNICKS,DENVER_NUGGETS
392,2019-12-15 20:30:00+00:00,SACRAMENTO_KINGS,GOLDEN_STATE_WARRIORS
393,2019-12-16 19:00:00+00:00,WASHINGTON_WIZARDS,DETROIT_PISTONS
394,2019-12-16 19:30:00+00:00,CLEVELAND_CAVALIERS,TORONTO_RAPTORS
395,2019-12-16 20:00:00+00:00,SAN_ANTONIO_SPURS,HOUSTON_ROCKETS
396,2019-12-16 20:00:00+00:00,MIAMI_HEAT,MEMPHIS_GRIZZLIES
397,2019-12-16 20:00:00+00:00,DALLAS_MAVERICKS,MILWAUKEE_BUCKS
398,2019-12-16 20:00:00+00:00,CHICAGO_BULLS,OKLAHOMA_CITY_THUNDER
399,2019-12-16 21:00:00+00:00,PORTLAND_TRAIL_BLAZERS,PHOENIX_SUNS
400,2019-12-17 19:00:00+00:00,SACRAMENTO_KINGS,CHARLOTTE_HORNETS
401,2019-12-17 19:00:00+00:00,LOS_ANGELES_LAKERS,INDIANA_PACERS
402,2019-12-17 19:30:00+00:00,ATLANTA_HAWKS,NEW_YORK_KNICKS
403,2019-12-17 20:00:00+00:00,BROOKLYN_NETS,NEW_ORLEANS_PELICANS
404,2019-12-17 21:00:00+00:00,ORLANDO_MAGIC,UTAH_JAZZ
405,2019-12-17 22:30:00+00:00,PHOENIX_SUNS,LOS_ANGELES_CLIPPERS
406,2019-12-18 19:00:00+00:00,CHARLOTTE_HORNETS,CLEVELAND_CAVALIERS
407,2019-12-18 19:00:00+00:00,TORONTO_RAPTORS,DETROIT_PISTONS
408,2019-12-18 19:00:00+00:00,MIAMI_HEAT,PHILADELPHIA_76ERS
409,2019-12-18 19:00:00+00:00,CHICAGO_BULLS,WASHINGTON_WIZARDS
410,2019-12-18 20:00:00+00:00,NEW_ORLEANS_PELICANS,MINNESOTA_TIMBERWOLVES
411,2019-12-18 20:00:00+00:00,MEMPHIS_GRIZZLIES,OKLAHOMA_CITY_THUNDER
412,2019-12-18 21:00:00+00:00,ORLANDO_MAGIC,DENVER_NUGGETS
413,2019-12-18 21:30:00+00:00,BOSTON_CELTICS,DALLAS_MAVERICKS
414,2019-12-18 22:00:00+00:00,GOLDEN_STATE_WARRIORS,PORTLAND_TRAIL_BLAZERS
415,2019-12-19 19:30:00+00:00,UTAH_JAZZ,ATLANTA_HAWKS
416,2019-12-19 20:00:00+00:00,LOS_ANGELES_LAKERS,MILWAUKEE_BUCKS
417,2019-12-19 20:30:00+00:00,BROOKLYN_NETS,SAN_ANTONIO_SPURS
418,2019-12-19 22:30:00+00:00,HOUSTON_ROCKETS,LOS_ANGELES_CLIPPERS
419,2019-12-20 19:00:00+00:00,MEMPHIS_GRIZZLIES,CLEVELAND_CAVALIERS
420,2019-12-20 19:00:00+00:00,SACRAMENTO_KINGS,INDIANA_PACERS
421,2019-12-20 19:30:00+00:00,DETROIT_PISTONS,BOSTON_CELTICS
422,2019-12-20 19:30:00+00:00,WASHINGTON_WIZARDS,TORONTO_RAPTORS
423,2019-12-20 20:00:00+00:00,NEW_YORK_KNICKS,MIAMI_HEAT
424,2019-12-20 20:00:00+00:00,PHOENIX_SUNS,OKLAHOMA_CITY_THUNDER
425,2019-12-20 20:00:00+00:00,DALLAS_MAVERICKS,PHILADELPHIA_76ERS
426,2019-12-20 21:00:00+00:00,MINNESOTA_TIMBERWOLVES,DENVER_NUGGETS
427,2019-12-20 22:00:00+00:00,ORLANDO_MAGIC,PORTLAND_TRAIL_BLAZERS
428,2019-12-20 22:30:00+00:00,NEW_ORLEANS_PELICANS,GOLDEN_STATE_WARRIORS
429,2019-12-21 17:00:00+00:00,UTAH_JAZZ,CHARLOTTE_HORNETS
430,2019-12-21 18:00:00+00:00,ATLANTA_HAWKS,BROOKLYN_NETS
431,2019-12-21 19:00:00+00:00,CHICAGO_BULLS,DETROIT_PISTONS
432,2019-12-21 19:00:00+00:00,WASHINGTON_WIZARDS,PHILADELPHIA_76ERS
433,2019-12-21 19:30:00+00:00,MILWAUKEE_BUCKS,NEW_YORK_KNICKS
434,2019-12-21 20:00:00+00:00,SACRAMENTO_KINGS,MEMPHIS_GRIZZLIES
435,2019-12-21 20:30:00+00:00,LOS_ANGELES_CLIPPERS,SAN_ANTONIO_SPURS
436,2019-12-21 21:00:00+00:00,HOUSTON_ROCKETS,PHOENIX_SUNS
437,2019-12-21 22:00:00+00:00,MINNESOTA_TIMBERWOLVES,PORTLAND_TRAIL_BLAZERS
438,2019-12-22 15:30:00+00:00,DALLAS_MAVERICKS,TORONTO_RAPTORS
439,2019-12-22 18:00:00+00:00,CHARLOTTE_HORNETS,BOSTON_CELTICS
440,2019-12-22 19:00:00+00:00,INDIANA_PACERS,MILWAUKEE_BUCKS
441,2019-12-22 19:00:00+00:00,LOS_ANGELES_CLIPPERS,OKLAHOMA_CITY_THUNDER
442,2019-12-22 21:30:00+00:00,DENVER_NUGGETS,LOS_ANGELES_LAKERS
443,2019-12-23 19:00:00+00:00,ATLANTA_HAWKS,CLEVELAND_CAVALIERS
444,2019-12-23 19:00:00+00:00,PHILADELPHIA_76ERS,DETROIT_PISTONS
445,2019-12-23 19:00:00+00:00,TORONTO_RAPTORS,INDIANA_PACERS
446,2019-12-23 19:00:00+00:00,WASHINGTON_WIZARDS,NEW_YORK_KNICKS
447,2019-12-23 19:00:00+00:00,CHICAGO_BULLS,ORLANDO_MAGIC
448,2019-12-23 19:30:00+00:00,UTAH_JAZZ,MIAMI_HEAT
449,2019-12-23 20:00:00+00:00,SAN_ANTONIO_SPURS,MEMPHIS_GRIZZLIES
450,2019-12-23 21:00:00+00:00,DENVER_NUGGETS,PHOENIX_SUNS
451,2019-12-23 22:00:00+00:00,NEW_ORLEANS_PELICANS,PORTLAND_TRAIL_BLAZERS
452,2019-12-23 22:00:00+00:00,HOUSTON_ROCKETS,SACRAMENTO_KINGS
453,2019-12-23 22:30:00+00:00,MINNESOTA_TIMBERWOLVES,GOLDEN_STATE_WARRIORS
454,2019-12-25 12:00:00+00:00,BOSTON_CELTICS,TORONTO_RAPTORS
455,2019-12-25 14:30:00+00:00,MILWAUKEE_BUCKS,PHILADELPHIA_76ERS
456,2019-12-25 17:00:00+00:00,HOUSTON_ROCKETS,GOLDEN_STATE_WARRIORS
457,2019-12-25 20:00:00+00:00,LOS_ANGELES_CLIPPERS,LOS_ANGELES_LAKERS
458,2019-12-25 22:30:00+00:00,NEW_ORLEANS_PELICANS,DENVER_NUGGETS
459,2019-12-26 19:00:00+00:00,WASHINGTON_WIZARDS,DETROIT_PISTONS
460,2019-12-26 19:30:00+00:00,NEW_YORK_KNICKS,BROOKLYN_NETS
461,2019-12-26 20:00:00+00:00,SAN_ANTONIO_SPURS,DALLAS_MAVERICKS
462,2019-12-26 20:00:00+00:00,MEMPHIS_GRIZZLIES,OKLAHOMA_CITY_THUNDER
463,2019-12-26 22:00:00+00:00,MINNESOTA_TIMBERWOLVES,SACRAMENTO_KINGS
464,2019-12-26 22:30:00+00:00,PORTLAND_TRAIL_BLAZERS,UTAH_JAZZ
465,2019-12-27 16:00:00+00:00,CLEVELAND_CAVALIERS,BOSTON_CELTICS
466,2019-12-27 19:00:00+00:00,OKLAHOMA_CITY_THUNDER,CHARLOTTE_HORNETS
467,2019-12-27 19:00:00+00:00,PHILADELPHIA_76ERS,ORLANDO_MAGIC
468,2019-12-27 19:30:00+00:00,MILWAUKEE_BUCKS,ATLANTA_HAWKS
469,2019-12-27 20:00:00+00:00,INDIANA_PACERS,MIAMI_HEAT
470,2019-12-27 22:30:00+00:00,PHOENIX_SUNS,GOLDEN_STATE_WARRIORS
471,2019-12-28 17:00:00+00:00,MEMPHIS_GRIZZLIES,DENVER_NUGGETS
472,2019-12-28 19:00:00+00:00,TORONTO_RAPTORS,BOSTON_CELTICS
473,2019-12-28 19:00:00+00:00,INDIANA_PACERS,NEW_ORLEANS_PELICANS
474,2019-12-28 20:00:00+00:00,ATLANTA_HAWKS,CHICAGO_BULLS
475,2019-12-28 20:00:00+00:00,BROOKLYN_NETS,HOUSTON_ROCKETS
476,2019-12-28 20:00:00+00:00,PHILADELPHIA_76ERS,MIAMI_HEAT
477,2019-12-28 20:00:00+00:00,CLEVELAND_CAVALIERS,MINNESOTA_TIMBERWOLVES
478,2019-12-28 20:00:00+00:00,NEW_YORK_KNICKS,WASHINGTON_WIZARDS
479,2019-12-28 20:30:00+00:00,DALLAS_MAVERICKS,GOLDEN_STATE_WARRIORS
480,2019-12-28 20:30:00+00:00,ORLANDO_MAGIC,MILWAUKEE_BUCKS
481,2019-12-28 20:30:00+00:00,DETROIT_PISTONS,SAN_ANTONIO_SPURS
482,2019-12-28 21:00:00+00:00,PHOENIX_SUNS,SACRAMENTO_KINGS
483,2019-12-28 22:00:00+00:00,LOS_ANGELES_LAKERS,PORTLAND_TRAIL_BLAZERS
484,2019-12-28 22:30:00+00:00,UTAH_JAZZ,LOS_ANGELES_CLIPPERS
485,2019-12-29 18:00:00+00:00,OKLAHOMA_CITY_THUNDER,TORONTO_RAPTORS
486,2019-12-29 20:00:00+00:00,SACRAMENTO_KINGS,DENVER_NUGGETS
487,2019-12-29 20:00:00+00:00,CHARLOTTE_HORNETS,MEMPHIS_GRIZZLIES
488,2019-12-29 20:00:00+00:00,HOUSTON_ROCKETS,NEW_ORLEANS_PELICANS
489,2019-12-29 21:30:00+00:00,DALLAS_MAVERICKS,LOS_ANGELES_LAKERS
490,2019-12-30 19:00:00+00:00,ATLANTA_HAWKS,ORLANDO_MAGIC
491,2019-12-30 19:00:00+00:00,MIAMI_HEAT,WASHINGTON_WIZARDS
492,2019-12-30 20:00:00+00:00,MILWAUKEE_BUCKS,CHICAGO_BULLS
493,2019-12-30 20:00:00+00:00,BROOKLYN_NETS,MINNESOTA_TIMBERWOLVES
494,2019-12-30 21:00:00+00:00,DETROIT_PISTONS,UTAH_JAZZ
495,2019-12-30 22:00:00+00:00,PHOENIX_SUNS,PORTLAND_TRAIL_BLAZERS
496,2019-12-31 15:00:00+00:00,BOSTON_CELTICS,CHARLOTTE_HORNETS
497,2019-12-31 15:00:00+00:00,PHILADELPHIA_76ERS,INDIANA_PACERS
498,2019-12-31 17:00:00+00:00,LOS_ANGELES_CLIPPERS,SACRAMENTO_KINGS
499,2019-12-31 19:00:00+00:00,DENVER_NUGGETS,HOUSTON_ROCKETS
500,2019-12-31 19:00:00+00:00,GOLDEN_STATE_WARRIORS,SAN_ANTONIO_SPURS
501,2019-12-31 19:00:00+00:00,CLEVELAND_CAVALIERS,TORONTO_RAPTORS
502,2019-12-31 20:00:00+00:00,DALLAS_MAVERICKS,OKLAHOMA_CITY_THUNDER
503,2020-01-01 18:00:00+00:00,ORLANDO_MAGIC,WASHINGTON_WIZARDS
504,2020-01-01 19:30:00+00:00,PORTLAND_TRAIL_BLAZERS,NEW_YORK_KNICKS
505,2020-01-01 20:00:00+00:00,MINNESOTA_TIMBERWOLVES,MILWAUKEE_BUCKS
506,2020-01-01 22:30:00+00:00,PHOENIX_SUNS,LOS_ANGELES_LAKERS
507,2020-01-02 19:00:00+00:00,CHARLOTTE_HORNETS,CLEVELAND_CAVALIERS
508,2020-01-02 19:00:00+00:00,DENVER_NUGGETS,INDIANA_PACERS
509,2020-01-02 19:30:00+00:00,TORONTO_RAPTORS,MIAMI_HEAT
510,2020-01-02 20:00:00+00:00,UTAH_JAZZ,CHICAGO_BULLS
511,2020-01-02 20:00:00+00:00,GOLDEN_STATE_WARRIORS,MINNESOTA_TIMBERWOLVES
512,2020-01-02 20:30:00+00:00,BROOKLYN_NETS,DALLAS_MAVERICKS
513,2020-01-02 20:30:00+00:00,OKLAHOMA_CITY_THUNDER,SAN_ANTONIO_SPURS
514,2020-01-02 22:00:00+00:00,MEMPHIS_GRIZZLIES,SACRAMENTO_KINGS
515,2020-01-02 22:30:00+00:00,DETROIT_PISTONS,LOS_ANGELES_CLIPPERS
516,2020-01-03 19:00:00+00:00,ATLANTA_HAWKS,BOSTON_CELTICS
517,2020-01-03 19:00:00+00:00,MIAMI_HEAT,ORLANDO_MAGIC
518,2020-01-03 19:00:00+00:00,PORTLAND_TRAIL_BLAZERS,WASHINGTON_WIZARDS
519,2020-01-03 20:00:00+00:00,PHILADELPHIA_76ERS,HOUSTON_ROCKETS
520,2020-01-03 21:00:00+00:00,NEW_YORK_KNICKS,PHOENIX_SUNS
521,2020-01-03 22:30:00+00:00,NEW_ORLEANS_PELICANS,LOS_ANGELES_LAKERS
522,2020-01-04 15:30:00+00:00,MEMPHIS_GRIZZLIES,LOS_ANGELES_CLIPPERS
523,2020-01-04 18:00:00+00:00,TORONTO_RAPTORS,BROOKLYN_NETS
524,2020-01-04 19:00:00+00:00,UTAH_JAZZ,ORLANDO_MAGIC
525,2020-01-04 19:30:00+00:00,INDIANA_PACERS,ATLANTA_HAWKS
526,2020-01-04 19:30:00+00:00,OKLAHOMA_CITY_THUNDER,CLEVELAND_CAVALIERS
527,2020-01-04 20:00:00+00:00,BOSTON_CELTICS,CHICAGO_BULLS
528,2020-01-04 20:00:00+00:00,DENVER_NUGGETS,WASHINGTON_WIZARDS
529,2020-01-04 20:30:00+00:00,CHARLOTTE_HORNETS,DALLAS_MAVERICKS
530,2020-01-04 20:30:00+00:00,DETROIT_PISTONS,GOLDEN_STATE_WARRIORS
531,2020-01-04 20:30:00+00:00,SAN_ANTONIO_SPURS,MILWAUKEE_BUCKS
532,2020-01-04 22:00:00+00:00,NEW_ORLEANS_PELICANS,SACRAMENTO_KINGS
533,2020-01-05 15:30:00+00:00,NEW_YORK_KNICKS,LOS_ANGELES_CLIPPERS
534,2020-01-05 18:00:00+00:00,PORTLAND_TRAIL_BLAZERS,MIAMI_HEAT
535,2020-01-05 19:30:00+00:00,MINNESOTA_TIMBERWOLVES,CLEVELAND_CAVALIERS
536,2020-01-05 20:00:00+00:00,MEMPHIS_GRIZZLIES,PHOENIX_SUNS
537,2020-01-05 22:00:00+00:00,DETROIT_PISTONS,LOS_ANGELES_LAKERS
538,2020-01-06 19:00:00+00:00,INDIANA_PACERS,CHARLOTTE_HORNETS
539,2020-01-06 19:00:00+00:00,BROOKLYN_NETS,ORLANDO_MAGIC
540,2020-01-06 19:00:00+00:00,OKLAHOMA_CITY_THUNDER,PHILADELPHIA_76ERS
541,2020-01-06 19:00:00+00:00,BOSTON_CELTICS,WASHINGTON_WIZARDS
542,2020-01-06 19:30:00+00:00,DENVER_NUGGETS,ATLANTA_HAWKS
543,2020-01-06 20:00:00+00:00,UTAH_JAZZ,NEW_ORLEANS_PELICANS
544,2020-01-06 20:30:00+00:00,CHICAGO_BULLS,DALLAS_MAVERICKS
545,2020-01-06 20:30:00+00:00,MILWAUKEE_BUCKS,SAN_ANTONIO_SPURS
546,2020-01-06 22:00:00+00:00,GOLDEN_STATE_WARRIORS,SACRAMENTO_KINGS
547,2020-01-07 19:00:00+00:00,DETROIT_PISTONS,CLEVELAND_CAVALIERS
548,2020-01-07 19:00:00+00:00,PORTLAND_TRAIL_BLAZERS,TORONTO_RAPTORS
549,2020-01-07 19:30:00+00:00,OKLAHOMA_CITY_THUNDER,BROOKLYN_NETS
550,2020-01-07 20:00:00+00:00,MINNESOTA_TIMBERWOLVES,MEMPHIS_GRIZZLIES
551,2020-01-07 21:00:00+00:00,SACRAMENTO_KINGS,PHOENIX_SUNS
552,2020-01-07 22:30:00+00:00,NEW_YORK_KNICKS,LOS_ANGELES_LAKERS
553,2020-01-08 19:00:00+00:00,SAN_ANTONIO_SPURS,BOSTON_CELTICS
554,2020-01-08 19:00:00+00:00,TORONTO_RAPTORS,CHARLOTTE_HORNETS
555,2020-01-08 19:00:00+00:00,MIAMI_HEAT,INDIANA_PACERS
556,2020-01-08 19:00:00+00:00,WASHINGTON_WIZARDS,ORLANDO_MAGIC
557,2020-01-08 19:30:00+00:00,HOUSTON_ROCKETS,ATLANTA_HAWKS
558,2020-01-08 19:30:00+00:00,DENVER_NUGGETS,DALLAS_MAVERICKS
559,2020-01-08 20:00:00+00:00,CHICAGO_BULLS,NEW_ORLEANS_PELICANS
560,2020-01-08 21:00:00+00:00,NEW_YORK_KNICKS,UTAH_JAZZ
561,2020-01-08 22:00:00+00:00,MILWAUKEE_BUCKS,GOLDEN_STATE_WARRIORS
562,2020-01-09 19:00:00+00:00,CLEVELAND_CAVALIERS,DETROIT_PISTONS
563,2020-01-09 19:00:00+00:00,BOSTON_CELTICS,PHILADELPHIA_76ERS
564,2020-01-09 20:00:00+00:00,PORTLAND_TRAIL_BLAZERS,MINNESOTA_TIMBERWOLVES
565,2020-01-09 21:30:00+00:00,HOUSTON_ROCKETS,OKLAHOMA_CITY_THUNDER
566,2020-01-10 19:00:00+00:00,ATLANTA_HAWKS,WASHINGTON_WIZARDS
567,2020-01-10 19:15:00+00:00,NEW_ORLEANS_PELICANS,NEW_YORK_KNICKS
568,2020-01-10 19:30:00+00:00,MIAMI_HEAT,BROOKLYN_NETS
569,2020-01-10 20:00:00+00:00,INDIANA_PACERS,CHICAGO_BULLS
570,2020-01-10 20:00:00+00:00,SAN_ANTONIO_SPURS,MEMPHIS_GRIZZLIES
571,2020-01-10 21:00:00+00:00,ORLANDO_MAGIC,PHOENIX_SUNS
572,2020-01-10 21:00:00+00:00,CHARLOTTE_HORNETS,UTAH_JAZZ
573,2020-01-10 21:45:00+00:00,LOS_ANGELES_LAKERS,DALLAS_MAVERICKS
574,2020-01-10 22:00:00+00:00,MILWAUKEE_BUCKS,SACRAMENTO_KINGS
575,2020-01-10 22:30:00+00:00,GOLDEN_STATE_WARRIORS,LOS_ANGELES_CLIPPERS
576,2020-01-11 17:00:00+00:00,MINNESOTA_TIMBERWOLVES,HOUSTON_ROCKETS
577,2020-01-11 19:00:00+00:00,NEW_ORLEANS_PELICANS,BOSTON_CELTICS
578,2020-01-11 19:00:00+00:00,CHICAGO_BULLS,DETROIT_PISTONS
579,2020-01-11 20:00:00+00:00,LOS_ANGELES_LAKERS,OKLAHOMA_CITY_THUNDER
580,2020-01-11 20:30:00+00:00,PHILADELPHIA_76ERS,DALLAS_MAVERICKS
581,2020-01-11 21:00:00+00:00,CLEVELAND_CAVALIERS,DENVER_NUGGETS
582,2020-01-11 22:00:00+00:00,MILWAUKEE_BUCKS,PORTLAND_TRAIL_BLAZERS
583,2020-01-12 15:30:00+00:00,MIAMI_HEAT,NEW_YORK_KNICKS
584,2020-01-12 15:30:00+00:00,UTAH_JAZZ,WASHINGTON_WIZARDS
585,2020-01-12 18:00:00+00:00,ATLANTA_HAWKS,BROOKLYN_NETS
586,2020-01-12 18:00:00+00:00,GOLDEN_STATE_WARRIORS,MEMPHIS_GRIZZLIES
587,2020-01-12 18:00:00+00:00,SAN_ANTONIO_SPURS,TORONTO_RAPTORS
588,2020-01-12 20:00:00+00:00,LOS_ANGELES_CLIPPERS,DENVER_NUGGETS
589,2020-01-12 20:00:00+00:00,CHARLOTTE_HORNETS,PHOENIX_SUNS
590,2020-01-13 19:00:00+00:00,NEW_ORLEANS_PELICANS,DETROIT_PISTONS
591,2020-01-13 19:00:00+00:00,PHILADELPHIA_76ERS,INDIANA_PACERS
592,2020-01-13 19:30:00+00:00,CHICAGO_BULLS,BOSTON_CELTICS
593,2020-01-13 20:00:00+00:00,OKLAHOMA_CITY_THUNDER,MINNESOTA_TIMBERWOLVES
594,2020-01-13 22:00:00+00:00,CHARLOTTE_HORNETS,PORTLAND_TRAIL_BLAZERS
595,2020-01-13 22:00:00+00:00,ORLANDO_MAGIC,SACRAMENTO_KINGS
596,2020-01-13 22:30:00+00:00,CLEVELAND_CAVALIERS,LOS_ANGELES_LAKERS
597,2020-01-14 19:30:00+00:00,PHOENIX_SUNS,ATLANTA_HAWKS
598,2020-01-14 19:30:00+00:00,UTAH_JAZZ,BROOKLYN_NETS
599,2020-01-14 20:00:00+00:00,HOUSTON_ROCKETS,MEMPHIS_GRIZZLIES
600,2020-01-14 20:00:00+00:00,NEW_YORK_KNICKS,MILWAUKEE_BUCKS
601,2020-01-14 22:30:00+00:00,DALLAS_MAVERICKS,GOLDEN_STATE_WARRIORS
602,2020-01-14 22:30:00+00:00,CLEVELAND_CAVALIERS,LOS_ANGELES_CLIPPERS
603,2020-01-15 19:00:00+00:00,DETROIT_PISTONS,BOSTON_CELTICS
604,2020-01-15 19:00:00+00:00,BROOKLYN_NETS,PHILADELPHIA_76ERS
605,2020-01-15 19:30:00+00:00,SAN_ANTONIO_SPURS,MIAMI_HEAT
606,2020-01-15 20:00:00+00:00,WASHINGTON_WIZARDS,CHICAGO_BULLS
607,2020-01-15 20:00:00+00:00,INDIANA_PACERS,MINNESOTA_TIMBERWOLVES
608,2020-01-15 20:00:00+00:00,TORONTO_RAPTORS,OKLAHOMA_CITY_THUNDER
609,2020-01-15 21:00:00+00:00,CHARLOTTE_HORNETS,DENVER_NUGGETS
610,2020-01-15 21:30:00+00:00,PORTLAND_TRAIL_BLAZERS,HOUSTON_ROCKETS
611,2020-01-15 22:00:00+00:00,DALLAS_MAVERICKS,SACRAMENTO_KINGS
612,2020-01-15 22:30:00+00:00,ORLANDO_MAGIC,LOS_ANGELES_LAKERS
613,2020-01-16 19:30:00+00:00,PHOENIX_SUNS,NEW_YORK_KNICKS
614,2020-01-16 20:00:00+00:00,BOSTON_CELTICS,MILWAUKEE_BUCKS
615,2020-01-16 20:00:00+00:00,UTAH_JAZZ,NEW_ORLEANS_PELICANS
616,2020-01-16 22:30:00+00:00,DENVER_NUGGETS,GOLDEN_STATE_WARRIORS
617,2020-01-16 22:30:00+00:00,ORLANDO_MAGIC,LOS_ANGELES_CLIPPERS
618,2020-01-17 19:00:00+00:00,MINNESOTA_TIMBERWOLVES,INDIANA_PACERS
619,2020-01-17 19:00:00+00:00,CHICAGO_BULLS,PHILADELPHIA_76ERS
620,2020-01-17 19:00:00+00:00,WASHINGTON_WIZARDS,TORONTO_RAPTORS
621,2020-01-17 20:00:00+00:00,CLEVELAND_CAVALIERS,MEMPHIS_GRIZZLIES
622,2020-01-17 20:00:00+00:00,MIAMI_HEAT,OKLAHOMA_CITY_THUNDER
623,2020-01-17 20:30:00+00:00,ATLANTA_HAWKS,SAN_ANTONIO_SPURS
624,2020-01-17 21:30:00+00:00,PORTLAND_TRAIL_BLAZERS,DALLAS_MAVERICKS
625,2020-01-18 15:30:00+00:00,LOS_ANGELES_CLIPPERS,NEW_ORLEANS_PELICANS
626,2020-01-18 18:00:00+00:00,MILWAUKEE_BUCKS,BROOKLYN_NETS
627,2020-01-18 19:00:00+00:00,PHOENIX_SUNS,BOSTON_CELTICS
628,2020-01-18 19:30:00+00:00,DETROIT_PISTONS,ATLANTA_HAWKS
629,2020-01-18 19:30:00+00:00,PHILADELPHIA_76ERS,NEW_YORK_KNICKS
630,2020-01-18 20:00:00+00:00,CLEVELAND_CAVALIERS,CHICAGO_BULLS
631,2020-01-18 20:00:00+00:00,TORONTO_RAPTORS,MINNESOTA_TIMBERWOLVES
632,2020-01-18 20:30:00+00:00,ORLANDO_MAGIC,GOLDEN_STATE_WARRIORS
633,2020-01-18 20:30:00+00:00,LOS_ANGELES_LAKERS,HOUSTON_ROCKETS
634,2020-01-18 21:00:00+00:00,PORTLAND_TRAIL_BLAZERS,OKLAHOMA_CITY_THUNDER
635,2020-01-18 21:00:00+00:00,SACRAMENTO_KINGS,UTAH_JAZZ
636,2020-01-19 15:00:00+00:00,MIAMI_HEAT,SAN_ANTONIO_SPURS
637,2020-01-19 20:00:00+00:00,INDIANA_PACERS,DENVER_NUGGETS
638,2020-01-20 14:00:00+00:00,DETROIT_PISTONS,WASHINGTON_WIZARDS
639,2020-01-20 14:30:00+00:00,TORONTO_RAPTORS,ATLANTA_HAWKS
640,2020-01-20 15:00:00+00:00,PHILADELPHIA_76ERS,BROOKLYN_NETS
641,2020-01-20 17:00:00+00:00,ORLANDO_MAGIC,CHARLOTTE_HORNETS
642,2020-01-20 17:00:00+00:00,NEW_YORK_KNICKS,CLEVELAND_CAVALIERS
643,2020-01-20 17:00:00+00:00,OKLAHOMA_CITY_THUNDER,HOUSTON_ROCKETS
644,2020-01-20 17:00:00+00:00,NEW_ORLEANS_PELICANS,MEMPHIS_GRIZZLIES
645,2020-01-20 17:00:00+00:00,SACRAMENTO_KINGS,MIAMI_HEAT
646,2020-01-20 17:00:00+00:00,CHICAGO_BULLS,MILWAUKEE_BUCKS
647,2020-01-20 19:30:00+00:00,LOS_ANGELES_LAKERS,BOSTON_CELTICS
648,2020-01-20 20:00:00+00:00,DENVER_NUGGETS,MINNESOTA_TIMBERWOLVES
649,2020-01-20 21:00:00+00:00,SAN_ANTONIO_SPURS,PHOENIX_SUNS
650,2020-01-20 21:00:00+00:00,INDIANA_PACERS,UTAH_JAZZ
651,2020-01-20 22:00:00+00:00,GOLDEN_STATE_WARRIORS,PORTLAND_TRAIL_BLAZERS
652,2020-01-21 20:30:00+00:00,LOS_ANGELES_CLIPPERS,DALLAS_MAVERICKS
653,2020-01-22 19:00:00+00:00,SACRAMENTO_KINGS,DETROIT_PISTONS
654,2020-01-22 19:00:00+00:00,OKLAHOMA_CITY_THUNDER,ORLANDO_MAGIC
655,2020-01-22 19:00:00+00:00,PHILADELPHIA_76ERS,TORONTO_RAPTORS
656,2020-01-22 19:30:00+00:00,LOS_ANGELES_CLIPPERS,ATLANTA_HAWKS
657,2020-01-22 19:30:00+00:00,MEMPHIS_GRIZZLIES,BOSTON_CELTICS
658,2020-01-22 19:30:00+00:00,WASHINGTON_WIZARDS,MIAMI_HEAT
659,2020-01-22 19:30:00+00:00,LOS_ANGELES_LAKERS,NEW_YORK_KNICKS
660,2020-01-22 20:00:00+00:00,MINNESOTA_TIMBERWOLVES,CHICAGO_BULLS
661,2020-01-22 20:00:00+00:00,DENVER_NUGGETS,HOUSTON_ROCKETS
662,2020-01-22 21:00:00+00:00,INDIANA_PACERS,PHOENIX_SUNS
663,2020-01-22 21:30:00+00:00,SAN_ANTONIO_SPURS,NEW_ORLEANS_PELICANS
664,2020-01-22 22:00:00+00:00,UTAH_JAZZ,GOLDEN_STATE_WARRIORS
665,2020-01-23 19:00:00+00:00,WASHINGTON_WIZARDS,CLEVELAND_CAVALIERS
666,2020-01-23 20:00:00+00:00,LOS_ANGELES_LAKERS,BROOKLYN_NETS
667,2020-01-23 22:30:00+00:00,DALLAS_MAVERICKS,PORTLAND_TRAIL_BLAZERS
668,2020-01-24 15:00:00+00:00,MILWAUKEE_BUCKS,CHARLOTTE_HORNETS
669,2020-01-24 19:00:00+00:00,MEMPHIS_GRIZZLIES,DETROIT_PISTONS
670,2020-01-24 19:00:00+00:00,BOSTON_CELTICS,ORLANDO_MAGIC
671,2020-01-24 19:30:00+00:00,TORONTO_RAPTORS,NEW_YORK_KNICKS
672,2020-01-24 20:00:00+00:00,SACRAMENTO_KINGS,CHICAGO_BULLS
673,2020-01-24 20:00:00+00:00,LOS_ANGELES_CLIPPERS,MIAMI_HEAT
674,2020-01-24 20:00:00+00:00,HOUSTON_ROCKETS,MINNESOTA_TIMBERWOLVES
675,2020-01-24 20:00:00+00:00,DENVER_NUGGETS,NEW_ORLEANS_PELICANS
676,2020-01-24 20:00:00+00:00,ATLANTA_HAWKS,OKLAHOMA_CITY_THUNDER
677,2020-01-24 20:30:00+00:00,PHOENIX_SUNS,SAN_ANTONIO_SPURS
678,2020-01-24 22:30:00+00:00,INDIANA_PACERS,GOLDEN_STATE_WARRIORS
679,2020-01-25 17:00:00+00:00,DALLAS_MAVERICKS,UTAH_JAZZ
680,2020-01-25 19:00:00+00:00,BROOKLYN_NETS,DETROIT_PISTONS
681,2020-01-25 20:00:00+00:00,CHICAGO_BULLS,CLEVELAND_CAVALIERS
682,2020-01-25 20:00:00+00:00,OKLAHOMA_CITY_THUNDER,MINNESOTA_TIMBERWOLVES
683,2020-01-25 20:30:00+00:00,LOS_ANGELES_LAKERS,PHILADELPHIA_76ERS
684,2020-01-26 15:30:00+00:00,HOUSTON_ROCKETS,DENVER_NUGGETS
685,2020-01-26 16:00:00+00:00,TORONTO_RAPTORS,SAN_ANTONIO_SPURS
686,2020-01-26 18:00:00+00:00,WASHINGTON_WIZARDS,ATLANTA_HAWKS
687,2020-01-26 18:00:00+00:00,PHOENIX_SUNS,MEMPHIS_GRIZZLIES
688,2020-01-26 18:00:00+00:00,BOSTON_CELTICS,NEW_ORLEANS_PELICANS
689,2020-01-26 18:00:00+00:00,BROOKLYN_NETS,NEW_YORK_KNICKS
690,2020-01-26 18:00:00+00:00,LOS_ANGELES_CLIPPERS,ORLANDO_MAGIC
691,2020-01-26 21:00:00+00:00,INDIANA_PACERS,PORTLAND_TRAIL_BLAZERS
692,2020-01-27 19:00:00+00:00,CLEVELAND_CAVALIERS,DETROIT_PISTONS
693,2020-01-27 19:30:00+00:00,ORLANDO_MAGIC,MIAMI_HEAT
694,2020-01-27 20:00:00+00:00,SAN_ANTONIO_SPURS,CHICAGO_BULLS
695,2020-01-27 20:00:00+00:00,SACRAMENTO_KINGS,MINNESOTA_TIMBERWOLVES
696,2020-01-27 20:00:00+00:00,DALLAS_MAVERICKS,OKLAHOMA_CITY_THUNDER
697,2020-01-27 21:00:00+00:00,HOUSTON_ROCKETS,UTAH_JAZZ
698,2020-01-28 19:00:00+00:00,NEW_YORK_KNICKS,CHARLOTTE_HORNETS
699,2020-01-28 19:00:00+00:00,GOLDEN_STATE_WARRIORS,PHILADELPHIA_76ERS
700,2020-01-28 19:30:00+00:00,NEW_ORLEANS_PELICANS,CLEVELAND_CAVALIERS
701,2020-01-28 19:30:00+00:00,ATLANTA_HAWKS,TORONTO_RAPTORS
702,2020-01-28 20:00:00+00:00,DENVER_NUGGETS,MEMPHIS_GRIZZLIES
703,2020-01-28 20:00:00+00:00,BOSTON_CELTICS,MIAMI_HEAT
704,2020-01-28 20:00:00+00:00,WASHINGTON_WIZARDS,MILWAUKEE_BUCKS
705,2020-01-28 20:30:00+00:00,PHOENIX_SUNS,DALLAS_MAVERICKS
706,2020-01-29 19:00:00+00:00,CHICAGO_BULLS,INDIANA_PACERS
707,2020-01-29 19:30:00+00:00,DETROIT_PISTONS,BROOKLYN_NETS
708,2020-01-29 19:30:00+00:00,MEMPHIS_GRIZZLIES,NEW_YORK_KNICKS
709,2020-01-29 20:30:00+00:00,UTAH_JAZZ,SAN_ANTONIO_SPURS
710,2020-01-29 22:00:00+00:00,HOUSTON_ROCKETS,PORTLAND_TRAIL_BLAZERS
711,2020-01-29 22:00:00+00:00,OKLAHOMA_CITY_THUNDER,SACRAMENTO_KINGS
712,2020-01-30 19:00:00+00:00,TORONTO_RAPTORS,CLEVELAND_CAVALIERS
713,2020-01-30 19:00:00+00:00,CHARLOTTE_HORNETS,WASHINGTON_WIZARDS
714,2020-01-30 19:30:00+00:00,PHILADELPHIA_76ERS,ATLANTA_HAWKS
715,2020-01-30 20:00:00+00:00,GOLDEN_STATE_WARRIORS,BOSTON_CELTICS
716,2020-01-30 22:30:00+00:00,UTAH_JAZZ,DENVER_NUGGETS
717,2020-01-30 22:30:00+00:00,SACRAMENTO_KINGS,LOS_ANGELES_CLIPPERS
718,2020-01-31 19:00:00+00:00,TORONTO_RAPTORS,DETROIT_PISTONS
719,2020-01-31 19:30:00+00:00,CHICAGO_BULLS,BROOKLYN_NETS
720,2020-01-31 19:30:00+00:00,DALLAS_MAVERICKS,HOUSTON_ROCKETS
721,2020-01-31 20:00:00+00:00,MEMPHIS_GRIZZLIES,NEW_ORLEANS_PELICANS
722,2020-01-31 21:00:00+00:00,DENVER_NUGGETS,MILWAUKEE_BUCKS
723,2020-01-31 21:00:00+00:00,OKLAHOMA_CITY_THUNDER,PHOENIX_SUNS
724,2020-01-31 22:30:00+00:00,PORTLAND_TRAIL_BLAZERS,LOS_ANGELES_LAKERS
725,2020-02-01 15:30:00+00:00,MINNESOTA_TIMBERWOLVES,LOS_ANGELES_CLIPPERS
726,2020-02-01 19:00:00+00:00,NEW_YORK_KNICKS,INDIANA_PACERS
727,2020-02-01 19:00:00+00:00,MIAMI_HEAT,ORLANDO_MAGIC
728,2020-02-01 20:00:00+00:00,GOLDEN_STATE_WARRIORS,CLEVELAND_CAVALIERS
729,2020-02-01 20:00:00+00:00,BROOKLYN_NETS,WASHINGTON_WIZARDS
730,2020-02-01 20:30:00+00:00,PHILADELPHIA_76ERS,BOSTON_CELTICS
731,2020-02-01 20:30:00+00:00,ATLANTA_HAWKS,DALLAS_MAVERICKS
732,2020-02-01 21:00:00+00:00,CHARLOTTE_HORNETS,SAN_ANTONIO_SPURS
733,2020-02-01 22:00:00+00:00,LOS_ANGELES_LAKERS,SACRAMENTO_KINGS
734,2020-02-01 22:30:00+00:00,UTAH_JAZZ,PORTLAND_TRAIL_BLAZERS
735,2020-02-02 12:30:00+00:00,DENVER_NUGGETS,DETROIT_PISTONS
736,2020-02-02 14:00:00+00:00,NEW_ORLEANS_PELICANS,HOUSTON_ROCKETS
737,2020-02-02 14:00:00+00:00,PHOENIX_SUNS,MILWAUKEE_BUCKS
738,2020-02-02 15:00:00+00:00,CHICAGO_BULLS,TORONTO_RAPTORS
739,2020-02-03 19:00:00+00:00,ORLANDO_MAGIC,CHARLOTTE_HORNETS
740,2020-02-03 19:00:00+00:00,NEW_YORK_KNICKS,CLEVELAND_CAVALIERS
741,2020-02-03 19:00:00+00:00,DALLAS_MAVERICKS,INDIANA_PACERS
742,2020-02-03 19:00:00+00:00,GOLDEN_STATE_WARRIORS,WASHINGTON_WIZARDS
743,2020-02-03 19:30:00+00:00,BOSTON_CELTICS,ATLANTA_HAWKS
744,2020-02-03 19:30:00+00:00,PHOENIX_SUNS,BROOKLYN_NETS
745,2020-02-03 19:30:00+00:00,PHILADELPHIA_76ERS,MIAMI_HEAT
746,2020-02-03 20:00:00+00:00,DETROIT_PISTONS,MEMPHIS_GRIZZLIES
747,2020-02-03 22:00:00+00:00,MINNESOTA_TIMBERWOLVES,SACRAMENTO_KINGS
748,2020-02-03 22:30:00+00:00,SAN_ANTONIO_SPURS,LOS_ANGELES_CLIPPERS
749,2020-02-04 19:30:00+00:00,MILWAUKEE_BUCKS,NEW_ORLEANS_PELICANS
750,2020-02-04 20:00:00+00:00,CHARLOTTE_HORNETS,HOUSTON_ROCKETS
751,2020-02-04 21:00:00+00:00,PORTLAND_TRAIL_BLAZERS,DENVER_NUGGETS
752,2020-02-04 22:00:00+00:00,SAN_ANTONIO_SPURS,LOS_ANGELES_LAKERS
753,2020-02-05 19:00:00+00:00,PHOENIX_SUNS,DETROIT_PISTONS
754,2020-02-05 19:30:00+00:00,ORLANDO_MAGIC,BOSTON_CELTICS
755,2020-02-05 19:30:00+00:00,GOLDEN_STATE_WARRIORS,BROOKLYN_NETS
756,2020-02-05 19:30:00+00:00,INDIANA_PACERS,TORONTO_RAPTORS
757,2020-02-05 20:00:00+00:00,ATLANTA_HAWKS,MINNESOTA_TIMBERWOLVES
758,2020-02-05 20:00:00+00:00,CLEVELAND_CAVALIERS,OKLAHOMA_CITY_THUNDER
759,2020-02-05 20:30:00+00:00,MEMPHIS_GRIZZLIES,DALLAS_MAVERICKS
760,2020-02-05 21:00:00+00:00,DENVER_NUGGETS,UTAH_JAZZ
761,2020-02-05 22:00:00+00:00,MIAMI_HEAT,LOS_ANGELES_CLIPPERS
762,2020-02-06 19:30:00+00:00,ORLANDO_MAGIC,NEW_YORK_KNICKS
763,2020-02-06 20:00:00+00:00,NEW_ORLEANS_PELICANS,CHICAGO_BULLS
764,2020-02-06 20:00:00+00:00,PHILADELPHIA_76ERS,MILWAUKEE_BUCKS
765,2020-02-06 22:00:00+00:00,SAN_ANTONIO_SPURS,PORTLAND_TRAIL_BLAZERS
766,2020-02-06 22:30:00+00:00,HOUSTON_ROCKETS,LOS_ANGELES_LAKERS
767,2020-02-07 19:00:00+00:00,MEMPHIS_GRIZZLIES,PHILADELPHIA_76ERS
768,2020-02-07 19:00:00+00:00,DALLAS_MAVERICKS,WASHINGTON_WIZARDS
769,2020-02-07 19:30:00+00:00,ATLANTA_HAWKS,BOSTON_CELTICS
770,2020-02-07 20:00:00+00:00,TORONTO_RAPTORS,INDIANA_PACERS
771,2020-02-07 20:00:00+00:00,DETROIT_PISTONS,OKLAHOMA_CITY_THUNDER
772,2020-02-07 21:00:00+00:00,HOUSTON_ROCKETS,PHOENIX_SUNS
773,2020-02-07 22:00:00+00:00,MIAMI_HEAT,SACRAMENTO_KINGS
774,2020-02-07 22:30:00+00:00,PORTLAND_TRAIL_BLAZERS,UTAH_JAZZ
775,2020-02-08 17:00:00+00:00,MILWAUKEE_BUCKS,ORLANDO_MAGIC
776,2020-02-08 19:00:00+00:00,DALLAS_MAVERICKS,CHARLOTTE_HORNETS
777,2020-02-08 19:00:00+00:00,NEW_YORK_KNICKS,DETROIT_PISTONS
778,2020-02-08 19:30:00+00:00,NEW_ORLEANS_PELICANS,INDIANA_PACERS
779,2020-02-08 19:30:00+00:00,BROOKLYN_NETS,TORONTO_RAPTORS
780,2020-02-08 20:00:00+00:00,LOS_ANGELES_CLIPPERS,MINNESOTA_TIMBERWOLVES
781,2020-02-08 20:30:00+00:00,LOS_ANGELES_LAKERS,GOLDEN_STATE_WARRIORS
782,2020-02-08 21:00:00+00:00,DENVER_NUGGETS,PHOENIX_SUNS
783,2020-02-08 22:00:00+00:00,SAN_ANTONIO_SPURS,SACRAMENTO_KINGS
784,2020-02-09 15:30:00+00:00,BOSTON_CELTICS,OKLAHOMA_CITY_THUNDER
785,2020-02-09 18:00:00+00:00,NEW_YORK_KNICKS,ATLANTA_HAWKS
786,2020-02-09 18:00:00+00:00,CHICAGO_BULLS,PHILADELPHIA_76ERS
787,2020-02-09 18:00:00+00:00,MEMPHIS_GRIZZLIES,WASHINGTON_WIZARDS
788,2020-02-09 19:00:00+00:00,UTAH_JAZZ,HOUSTON_ROCKETS
789,2020-02-09 19:30:00+00:00,LOS_ANGELES_CLIPPERS,CLEVELAND_CAVALIERS
790,2020-02-09 21:00:00+00:00,MIAMI_HEAT,PORTLAND_TRAIL_BLAZERS
791,2020-02-10 19:00:00+00:00,CHARLOTTE_HORNETS,DETROIT_PISTONS
792,2020-02-10 19:00:00+00:00,BROOKLYN_NETS,INDIANA_PACERS
793,2020-02-10 19:00:00+00:00,ATLANTA_HAWKS,ORLANDO_MAGIC
794,2020-02-10 19:30:00+00:00,MINNESOTA_TIMBERWOLVES,TORONTO_RAPTORS
795,2020-02-10 20:00:00+00:00,SACRAMENTO_KINGS,MILWAUKEE_BUCKS
796,2020-02-10 20:30:00+00:00,UTAH_JAZZ,DALLAS_MAVERICKS
797,2020-02-10 21:00:00+00:00,SAN_ANTONIO_SPURS,DENVER_NUGGETS
798,2020-02-10 22:30:00+00:00,MIAMI_HEAT,GOLDEN_STATE_WARRIORS
799,2020-02-10 22:30:00+00:00,PHOENIX_SUNS,LOS_ANGELES_LAKERS
800,2020-02-11 19:00:00+00:00,LOS_ANGELES_CLIPPERS,PHILADELPHIA_76ERS
801,2020-02-11 19:00:00+00:00,CHICAGO_BULLS,WASHINGTON_WIZARDS
802,2020-02-11 20:00:00+00:00,PORTLAND_TRAIL_BLAZERS,NEW_ORLEANS_PELICANS
803,2020-02-11 20:00:00+00:00,SAN_ANTONIO_SPURS,OKLAHOMA_CITY_THUNDER
804,2020-02-11 21:30:00+00:00,BOSTON_CELTICS,HOUSTON_ROCKETS
805,2020-02-12 19:00:00+00:00,ATLANTA_HAWKS,CLEVELAND_CAVALIERS
806,2020-02-12 19:00:00+00:00,DETROIT_PISTONS,ORLANDO_MAGIC
807,2020-02-12 19:30:00+00:00,TORONTO_RAPTORS,BROOKLYN_NETS
808,2020-02-12 19:30:00+00:00,MILWAUKEE_BUCKS,INDIANA_PACERS
809,2020-02-12 19:30:00+00:00,WASHINGTON_WIZARDS,NEW_YORK_KNICKS
810,2020-02-12 20:00:00+00:00,PORTLAND_TRAIL_BLAZERS,MEMPHIS_GRIZZLIES
811,2020-02-12 20:00:00+00:00,CHARLOTTE_HORNETS,MINNESOTA_TIMBERWOLVES
812,2020-02-12 20:30:00+00:00,SACRAMENTO_KINGS,DALLAS_MAVERICKS
813,2020-02-12 21:00:00+00:00,GOLDEN_STATE_WARRIORS,PHOENIX_SUNS
814,2020-02-12 21:00:00+00:00,MIAMI_HEAT,UTAH_JAZZ
815,2020-02-12 22:00:00+00:00,LOS_ANGELES_LAKERS,DENVER_NUGGETS
816,2020-02-13 20:00:00+00:00,LOS_ANGELES_CLIPPERS,BOSTON_CELTICS
817,2020-02-13 20:00:00+00:00,OKLAHOMA_CITY_THUNDER,NEW_ORLEANS_PELICANS
818,2020-02-20 19:00:00+00:00,MILWAUKEE_BUCKS,DETROIT_PISTONS
819,2020-02-20 19:30:00+00:00,MIAMI_HEAT,ATLANTA_HAWKS
820,2020-02-20 20:00:00+00:00,CHARLOTTE_HORNETS,CHICAGO_BULLS
821,2020-02-20 20:00:00+00:00,BROOKLYN_NETS,PHILADELPHIA_76ERS
822,2020-02-20 22:00:00+00:00,MEMPHIS_GRIZZLIES,SACRAMENTO_KINGS
823,2020-02-20 22:30:00+00:00,HOUSTON_ROCKETS,GOLDEN_STATE_WARRIORS
824,2020-02-21 19:00:00+00:00,DALLAS_MAVERICKS,ORLANDO_MAGIC
825,2020-02-21 19:00:00+00:00,CLEVELAND_CAVALIERS,WASHINGTON_WIZARDS
826,2020-02-21 19:30:00+00:00,INDIANA_PACERS,NEW_YORK_KNICKS
827,2020-02-21 19:30:00+00:00,PHOENIX_SUNS,TORONTO_RAPTORS
828,2020-02-21 20:00:00+00:00,BOSTON_CELTICS,MINNESOTA_TIMBERWOLVES
829,2020-02-21 20:00:00+00:00,DENVER_NUGGETS,OKLAHOMA_CITY_THUNDER
830,2020-02-21 21:00:00+00:00,SAN_ANTONIO_SPURS,UTAH_JAZZ
831,2020-02-21 22:30:00+00:00,MEMPHIS_GRIZZLIES,LOS_ANGELES_LAKERS
832,2020-02-21 22:30:00+00:00,NEW_ORLEANS_PELICANS,PORTLAND_TRAIL_BLAZERS
833,2020-02-22 15:30:00+00:00,SACRAMENTO_KINGS,LOS_ANGELES_CLIPPERS
834,2020-02-22 19:00:00+00:00,BROOKLYN_NETS,CHARLOTTE_HORNETS
835,2020-02-22 19:30:00+00:00,DALLAS_MAVERICKS,ATLANTA_HAWKS
836,2020-02-22 20:00:00+00:00,PHOENIX_SUNS,CHICAGO_BULLS
837,2020-02-22 20:00:00+00:00,CLEVELAND_CAVALIERS,MIAMI_HEAT
838,2020-02-22 20:30:00+00:00,PHILADELPHIA_76ERS,MILWAUKEE_BUCKS
839,2020-02-22 21:00:00+00:00,HOUSTON_ROCKETS,UTAH_JAZZ
840,2020-02-23 15:30:00+00:00,BOSTON_CELTICS,LOS_ANGELES_LAKERS
841,2020-02-23 18:00:00+00:00,MINNESOTA_TIMBERWOLVES,DENVER_NUGGETS
842,2020-02-23 18:00:00+00:00,INDIANA_PACERS,TORONTO_RAPTORS
843,2020-02-23 19:00:00+00:00,WASHINGTON_WIZARDS,CHICAGO_BULLS
844,2020-02-23 19:00:00+00:00,SAN_ANTONIO_SPURS,OKLAHOMA_CITY_THUNDER
845,2020-02-23 20:30:00+00:00,NEW_ORLEANS_PELICANS,GOLDEN_STATE_WARRIORS
846,2020-02-23 21:00:00+00:00,DETROIT_PISTONS,PORTLAND_TRAIL_BLAZERS
847,2020-02-24 19:00:00+00:00,MIAMI_HEAT,CLEVELAND_CAVALIERS
848,2020-02-24 19:00:00+00:00,ATLANTA_HAWKS,PHILADELPHIA_76ERS
849,2020-02-24 19:00:00+00:00,MILWAUKEE_BUCKS,WASHINGTON_WIZARDS
850,2020-02-24 19:30:00+00:00,ORLANDO_MAGIC,BROOKLYN_NETS
851,2020-02-24 20:00:00+00:00,NEW_YORK_KNICKS,HOUSTON_ROCKETS
852,2020-02-24 20:30:00+00:00,MINNESOTA_TIMBERWOLVES,DALLAS_MAVERICKS
853,2020-02-24 21:00:00+00:00,PHOENIX_SUNS,UTAH_JAZZ
854,2020-02-24 22:30:00+00:00,MEMPHIS_GRIZZLIES,LOS_ANGELES_CLIPPERS
855,2020-02-25 19:00:00+00:00,CHARLOTTE_HORNETS,INDIANA_PACERS
856,2020-02-25 19:30:00+00:00,MILWAUKEE_BUCKS,TORONTO_RAPTORS
857,2020-02-25 20:00:00+00:00,OKLAHOMA_CITY_THUNDER,CHICAGO_BULLS
858,2020-02-25 21:00:00+00:00,DETROIT_PISTONS,DENVER_NUGGETS
859,2020-02-25 22:00:00+00:00,NEW_ORLEANS_PELICANS,LOS_ANGELES_LAKERS
860,2020-02-25 22:00:00+00:00,BOSTON_CELTICS,PORTLAND_TRAIL_BLAZERS
861,2020-02-25 22:30:00+00:00,SACRAMENTO_KINGS,GOLDEN_STATE_WARRIORS
862,2020-02-26 19:00:00+00:00,NEW_YORK_KNICKS,CHARLOTTE_HORNETS
863,2020-02-26 19:00:00+00:00,PHILADELPHIA_76ERS,CLEVELAND_CAVALIERS
864,2020-02-26 19:00:00+00:00,BROOKLYN_NETS,WASHINGTON_WIZARDS
865,2020-02-26 19:30:00+00:00,ORLANDO_MAGIC,ATLANTA_HAWKS
866,2020-02-26 19:30:00+00:00,MINNESOTA_TIMBERWOLVES,MIAMI_HEAT
867,2020-02-26 19:30:00+00:00,DALLAS_MAVERICKS,SAN_ANTONIO_SPURS
868,2020-02-26 20:00:00+00:00,MEMPHIS_GRIZZLIES,HOUSTON_ROCKETS
869,2020-02-26 21:00:00+00:00,LOS_ANGELES_CLIPPERS,PHOENIX_SUNS
870,2020-02-26 22:00:00+00:00,BOSTON_CELTICS,UTAH_JAZZ
871,2020-02-27 19:00:00+00:00,NEW_YORK_KNICKS,PHILADELPHIA_76ERS
872,2020-02-27 20:00:00+00:00,PORTLAND_TRAIL_BLAZERS,INDIANA_PACERS
873,2020-02-27 20:00:00+00:00,SACRAMENTO_KINGS,OKLAHOMA_CITY_THUNDER
874,2020-02-27 22:30:00+00:00,LOS_ANGELES_LAKERS,GOLDEN_STATE_WARRIORS
875,2020-02-28 19:00:00+00:00,MINNESOTA_TIMBERWOLVES,ORLANDO_MAGIC
876,2020-02-28 19:30:00+00:00,BROOKLYN_NETS,ATLANTA_HAWKS
877,2020-02-28 19:30:00+00:00,CHARLOTTE_HORNETS,TORONTO_RAPTORS
878,2020-02-28 20:00:00+00:00,SACRAMENTO_KINGS,MEMPHIS_GRIZZLIES
879,2020-02-28 20:00:00+00:00,DALLAS_MAVERICKS,MIAMI_HEAT
880,2020-02-28 20:00:00+00:00,OKLAHOMA_CITY_THUNDER,MILWAUKEE_BUCKS
881,2020-02-28 20:00:00+00:00,CLEVELAND_CAVALIERS,NEW_ORLEANS_PELICANS
882,2020-02-28 21:00:00+00:00,DETROIT_PISTONS,PHOENIX_SUNS
883,2020-02-28 21:00:00+00:00,WASHINGTON_WIZARDS,UTAH_JAZZ
884,2020-02-28 22:30:00+00:00,DENVER_NUGGETS,LOS_ANGELES_CLIPPERS
885,2020-02-29 17:00:00+00:00,CHICAGO_BULLS,NEW_YORK_KNICKS
886,2020-02-29 19:30:00+00:00,PORTLAND_TRAIL_BLAZERS,ATLANTA_HAWKS
887,2020-02-29 19:30:00+00:00,BROOKLYN_NETS,MIAMI_HEAT
888,2020-02-29 20:00:00+00:00,INDIANA_PACERS,CLEVELAND_CAVALIERS
889,2020-02-29 20:00:00+00:00,LOS_ANGELES_LAKERS,MEMPHIS_GRIZZLIES
890,2020-02-29 20:30:00+00:00,HOUSTON_ROCKETS,BOSTON_CELTICS
891,2020-02-29 20:30:00+00:00,ORLANDO_MAGIC,SAN_ANTONIO_SPURS
892,2020-02-29 21:00:00+00:00,GOLDEN_STATE_WARRIORS,PHOENIX_SUNS
893,2020-03-01 13:00:00+00:00,MILWAUKEE_BUCKS,CHARLOTTE_HORNETS
894,2020-03-01 15:30:00+00:00,PHILADELPHIA_76ERS,LOS_ANGELES_CLIPPERS
895,2020-03-01 15:30:00+00:00,DALLAS_MAVERICKS,MINNESOTA_TIMBERWOLVES
896,2020-03-01 18:00:00+00:00,TORONTO_RAPTORS,DENVER_NUGGETS
897,2020-03-01 18:00:00+00:00,DETROIT_PISTONS,SACRAMENTO_KINGS
898,2020-03-01 20:00:00+00:00,LOS_ANGELES_LAKERS,NEW_ORLEANS_PELICANS
899,2020-03-01 20:30:00+00:00,WASHINGTON_WIZARDS,GOLDEN_STATE_WARRIORS
900,2020-03-02 19:00:00+00:00,UTAH_JAZZ,CLEVELAND_CAVALIERS
901,2020-03-02 19:00:00+00:00,HOUSTON_ROCKETS,NEW_YORK_KNICKS
902,2020-03-02 19:00:00+00:00,PORTLAND_TRAIL_BLAZERS,ORLANDO_MAGIC
903,2020-03-02 19:30:00+00:00,MEMPHIS_GRIZZLIES,ATLANTA_HAWKS
904,2020-03-02 19:30:00+00:00,MILWAUKEE_BUCKS,MIAMI_HEAT
905,2020-03-02 20:00:00+00:00,DALLAS_MAVERICKS,CHICAGO_BULLS
906,2020-03-02 20:30:00+00:00,INDIANA_PACERS,SAN_ANTONIO_SPURS
907,2020-03-03 19:00:00+00:00,SAN_ANTONIO_SPURS,CHARLOTTE_HORNETS
908,2020-03-03 19:30:00+00:00,BROOKLYN_NETS,BOSTON_CELTICS
909,2020-03-03 20:00:00+00:00,MINNESOTA_TIMBERWOLVES,NEW_ORLEANS_PELICANS
910,2020-03-03 20:00:00+00:00,LOS_ANGELES_CLIPPERS,OKLAHOMA_CITY_THUNDER
911,2020-03-03 21:00:00+00:00,GOLDEN_STATE_WARRIORS,DENVER_NUGGETS
912,2020-03-03 21:00:00+00:00,TORONTO_RAPTORS,PHOENIX_SUNS
913,2020-03-03 22:00:00+00:00,PHILADELPHIA_76ERS,LOS_ANGELES_LAKERS
914,2020-03-03 22:00:00+00:00,WASHINGTON_WIZARDS,SACRAMENTO_KINGS
915,2020-03-04 19:00:00+00:00,BOSTON_CELTICS,CLEVELAND_CAVALIERS
916,2020-03-04 19:00:00+00:00,OKLAHOMA_CITY_THUNDER,DETROIT_PISTONS
917,2020-03-04 19:00:00+00:00,INDIANA_PACERS,MILWAUKEE_BUCKS
918,2020-03-04 19:30:00+00:00,MEMPHIS_GRIZZLIES,BROOKLYN_NETS
919,2020-03-04 19:30:00+00:00,ORLANDO_MAGIC,MIAMI_HEAT
920,2020-03-04 19:30:00+00:00,UTAH_JAZZ,NEW_YORK_KNICKS
921,2020-03-04 20:00:00+00:00,CHICAGO_BULLS,MINNESOTA_TIMBERWOLVES
922,2020-03-04 21:30:00+00:00,NEW_ORLEANS_PELICANS,DALLAS_MAVERICKS
923,2020-03-04 22:00:00+00:00,WASHINGTON_WIZARDS,PORTLAND_TRAIL_BLAZERS
924,2020-03-05 19:00:00+00:00,DENVER_NUGGETS,CHARLOTTE_HORNETS
925,2020-03-05 20:00:00+00:00,LOS_ANGELES_CLIPPERS,HOUSTON_ROCKETS
926,2020-03-05 22:00:00+00:00,PHILADELPHIA_76ERS,SACRAMENTO_KINGS
927,2020-03-05 22:30:00+00:00,TORONTO_RAPTORS,GOLDEN_STATE_WARRIORS
928,2020-03-06 19:00:00+00:00,ATLANTA_HAWKS,WASHINGTON_WIZARDS
929,2020-03-06 19:30:00+00:00,SAN_ANTONIO_SPURS,BROOKLYN_NETS
930,2020-03-06 19:30:00+00:00,OKLAHOMA_CITY_THUNDER,NEW_YORK_KNICKS
931,2020-03-06 20:00:00+00:00,UTAH_JAZZ,BOSTON_CELTICS
932,2020-03-06 20:00:00+00:00,INDIANA_PACERS,CHICAGO_BULLS
933,2020-03-06 20:00:00+00:00,ORLANDO_MAGIC,MINNESOTA_TIMBERWOLVES
934,2020-03-06 20:00:00+00:00,MIAMI_HEAT,NEW_ORLEANS_PELICANS
935,2020-03-06 20:30:00+00:00,MEMPHIS_GRIZZLIES,DALLAS_MAVERICKS
936,2020-03-06 21:00:00+00:00,PORTLAND_TRAIL_BLAZERS,PHOENIX_SUNS
937,2020-03-06 22:30:00+00:00,MILWAUKEE_BUCKS,LOS_ANGELES_LAKERS
938,2020-03-07 17:00:00+00:00,HOUSTON_ROCKETS,CHARLOTTE_HORNETS
939,2020-03-07 19:00:00+00:00,UTAH_JAZZ,DETROIT_PISTONS
940,2020-03-07 19:30:00+00:00,DENVER_NUGGETS,CLEVELAND_CAVALIERS
941,2020-03-07 20:00:00+00:00,ATLANTA_HAWKS,MEMPHIS_GRIZZLIES
942,2020-03-07 20:30:00+00:00,PHILADELPHIA_76ERS,GOLDEN_STATE_WARRIORS
943,2020-03-07 22:00:00+00:00,SACRAMENTO_KINGS,PORTLAND_TRAIL_BLAZERS
944,2020-03-08 14:00:00+00:00,CHICAGO_BULLS,BROOKLYN_NETS
945,2020-03-08 14:30:00+00:00,LOS_ANGELES_LAKERS,LOS_ANGELES_CLIPPERS
946,2020-03-08 14:30:00+00:00,NEW_ORLEANS_PELICANS,MINNESOTA_TIMBERWOLVES
947,2020-03-08 17:00:00+00:00,OKLAHOMA_CITY_THUNDER,BOSTON_CELTICS
948,2020-03-08 17:00:00+00:00,MILWAUKEE_BUCKS,PHOENIX_SUNS
949,2020-03-08 18:00:00+00:00,INDIANA_PACERS,DALLAS_MAVERICKS
950,2020-03-08 18:00:00+00:00,ORLANDO_MAGIC,HOUSTON_ROCKETS
951,2020-03-08 18:00:00+00:00,MIAMI_HEAT,WASHINGTON_WIZARDS
952,2020-03-08 18:30:00+00:00,SAN_ANTONIO_SPURS,CLEVELAND_CAVALIERS
953,2020-03-08 18:30:00+00:00,DETROIT_PISTONS,NEW_YORK_KNICKS
954,2020-03-08 20:00:00+00:00,TORONTO_RAPTORS,SACRAMENTO_KINGS
955,2020-03-09 18:30:00+00:00,CHARLOTTE_HORNETS,ATLANTA_HAWKS
956,2020-03-09 20:00:00+00:00,MILWAUKEE_BUCKS,DENVER_NUGGETS
957,2020-03-09 20:00:00+00:00,TORONTO_RAPTORS,UTAH_JAZZ
958,2020-03-10 18:00:00+00:00,BOSTON_CELTICS,INDIANA_PACERS
959,2020-03-10 18:00:00+00:00,NEW_YORK_KNICKS,WASHINGTON_WIZARDS
960,2020-03-10 19:00:00+00:00,CLEVELAND_CAVALIERS,CHICAGO_BULLS
961,2020-03-10 19:00:00+00:00,MINNESOTA_TIMBERWOLVES,HOUSTON_ROCKETS
962,2020-03-10 19:00:00+00:00,ORLANDO_MAGIC,MEMPHIS_GRIZZLIES
963,2020-03-10 19:00:00+00:00,DALLAS_MAVERICKS,SAN_ANTONIO_SPURS
964,2020-03-10 21:00:00+00:00,PHOENIX_SUNS,PORTLAND_TRAIL_BLAZERS
965,2020-03-10 21:30:00+00:00,LOS_ANGELES_CLIPPERS,GOLDEN_STATE_WARRIORS
966,2020-03-10 21:30:00+00:00,BROOKLYN_NETS,LOS_ANGELES_LAKERS
967,2020-03-11 18:30:00+00:00,NEW_YORK_KNICKS,ATLANTA_HAWKS
968,2020-03-11 18:30:00+00:00,CHARLOTTE_HORNETS,MIAMI_HEAT
969,2020-03-11 18:30:00+00:00,DETROIT_PISTONS,PHILADELPHIA_76ERS
970,2020-03-11 19:00:00+00:00,UTAH_JAZZ,OKLAHOMA_CITY_THUNDER
971,2020-03-11 19:30:00+00:00,DENVER_NUGGETS,DALLAS_MAVERICKS
972,2020-03-11 21:00:00+00:00,NEW_ORLEANS_PELICANS,SACRAMENTO_KINGS
973,2020-03-12 18:00:00+00:00,CHICAGO_BULLS,ORLANDO_MAGIC
974,2020-03-12 19:00:00+00:00,BOSTON_CELTICS,MILWAUKEE_BUCKS
975,2020-03-12 21:00:00+00:00,MEMPHIS_GRIZZLIES,PORTLAND_TRAIL_BLAZERS
976,2020-03-12 21:30:00+00:00,BROOKLYN_NETS,GOLDEN_STATE_WARRIORS
977,2020-03-12 21:30:00+00:00,HOUSTON_ROCKETS,LOS_ANGELES_LAKERS
978,2020-03-13 18:00:00+00:00,CLEVELAND_CAVALIERS,CHARLOTTE_HORNETS
979,2020-03-13 18:30:00+00:00,WASHINGTON_WIZARDS,BOSTON_CELTICS
980,2020-03-13 19:00:00+00:00,NEW_YORK_KNICKS,MIAMI_HEAT
981,2020-03-13 19:00:00+00:00,MINNESOTA_TIMBERWOLVES,OKLAHOMA_CITY_THUNDER
982,2020-03-13 19:30:00+00:00,DENVER_NUGGETS,SAN_ANTONIO_SPURS
983,2020-03-13 20:00:00+00:00,NEW_ORLEANS_PELICANS,UTAH_JAZZ
984,2020-03-13 21:30:00+00:00,BROOKLYN_NETS,LOS_ANGELES_CLIPPERS
985,2020-03-14 13:00:00+00:00,PHOENIX_SUNS,DALLAS_MAVERICKS
986,2020-03-14 18:30:00+00:00,CLEVELAND_CAVALIERS,ATLANTA_HAWKS
987,2020-03-14 18:30:00+00:00,INDIANA_PACERS,PHILADELPHIA_76ERS
988,2020-03-14 18:30:00+00:00,DETROIT_PISTONS,TORONTO_RAPTORS
989,2020-03-14 19:00:00+00:00,CHICAGO_BULLS,MIAMI_HEAT
990,2020-03-14 19:30:00+00:00,GOLDEN_STATE_WARRIORS,MILWAUKEE_BUCKS
991,2020-03-14 19:30:00+00:00,MINNESOTA_TIMBERWOLVES,SAN_ANTONIO_SPURS
992,2020-03-14 20:00:00+00:00,MEMPHIS_GRIZZLIES,UTAH_JAZZ
993,2020-03-14 21:30:00+00:00,NEW_ORLEANS_PELICANS,LOS_ANGELES_CLIPPERS
994,2020-03-15 14:30:00+00:00,HOUSTON_ROCKETS,PORTLAND_TRAIL_BLAZERS
995,2020-03-15 17:00:00+00:00,CHARLOTTE_HORNETS,ORLANDO_MAGIC
996,2020-03-15 17:00:00+00:00,OKLAHOMA_CITY_THUNDER,WASHINGTON_WIZARDS
997,2020-03-15 19:00:00+00:00,BOSTON_CELTICS,CHICAGO_BULLS
998,2020-03-15 20:00:00+00:00,DENVER_NUGGETS,LOS_ANGELES_LAKERS
999,2020-03-15 20:00:00+00:00,BROOKLYN_NETS,SACRAMENTO_KINGS
1000,2020-03-16 18:00:00+00:00,WASHINGTON_WIZARDS,PHILADELPHIA_76ERS
1001,2020-03-16 19:00:00+00:00,MIAMI_HEAT,MILWAUKEE_BUCKS
1002,2020-03-16 19:00:00+00:00,ATLANTA_HAWKS,NEW_ORLEANS_PELICANS
1003,2020-03-16 19:00:00+00:00,GOLDEN_STATE_WARRIORS,TORONTO_RAPTORS
1004,2020-03-16 19:30:00+00:00,MEMPHIS_GRIZZLIES,SAN_ANTONIO_SPURS
1005,2020-03-16 20:00:00+00:00,LOS_ANGELES_LAKERS,UTAH_JAZZ
1006,2020-03-16 21:30:00+00:00,DALLAS_MAVERICKS,LOS_ANGELES_CLIPPERS
1007,2020-03-17 18:00:00+00:00,ORLANDO_MAGIC,DETROIT_PISTONS
1008,2020-03-17 18:30:00+00:00,CHARLOTTE_HORNETS,NEW_YORK_KNICKS
1009,2020-03-17 19:00:00+00:00,CLEVELAND_CAVALIERS,HOUSTON_ROCKETS
1010,2020-03-17 19:00:00+00:00,OKLAHOMA_CITY_THUNDER,MEMPHIS_GRIZZLIES
1011,2020-03-17 21:00:00+00:00,MINNESOTA_TIMBERWOLVES,PORTLAND_TRAIL_BLAZERS
1012,2020-03-17 21:00:00+00:00,DALLAS_MAVERICKS,SACRAMENTO_KINGS
1013,2020-03-18 18:00:00+00:00,TORONTO_RAPTORS,PHILADELPHIA_76ERS
1014,2020-03-18 18:30:00+00:00,OKLAHOMA_CITY_THUNDER,ATLANTA_HAWKS
1015,2020-03-18 18:30:00+00:00,NEW_YORK_KNICKS,BOSTON_CELTICS
1016,2020-03-18 18:30:00+00:00,WASHINGTON_WIZARDS,BROOKLYN_NETS
1017,2020-03-18 18:30:00+00:00,GOLDEN_STATE_WARRIORS,INDIANA_PACERS
1018,2020-03-18 19:00:00+00:00,MIAMI_HEAT,CHICAGO_BULLS
1019,2020-03-18 19:00:00+00:00,SAN_ANTONIO_SPURS,NEW_ORLEANS_PELICANS
1020,2020-03-18 20:00:00+00:00,LOS_ANGELES_CLIPPERS,DENVER_NUGGETS
1021,2020-03-18 21:00:00+00:00,UTAH_JAZZ,LOS_ANGELES_LAKERS
1022,2020-03-18 21:00:00+00:00,MINNESOTA_TIMBERWOLVES,PHOENIX_SUNS
1023,2020-03-19 18:00:00+00:00,PHILADELPHIA_76ERS,CHARLOTTE_HORNETS
1024,2020-03-19 18:00:00+00:00,CLEVELAND_CAVALIERS,ORLANDO_MAGIC
1025,2020-03-19 19:00:00+00:00,SACRAMENTO_KINGS,HOUSTON_ROCKETS
1026,2020-03-19 19:00:00+00:00,MEMPHIS_GRIZZLIES,MILWAUKEE_BUCKS
1027,2020-03-19 21:00:00+00:00,DALLAS_MAVERICKS,PORTLAND_TRAIL_BLAZERS
1028,2020-03-20 18:00:00+00:00,GOLDEN_STATE_WARRIORS,DETROIT_PISTONS
1029,2020-03-20 18:00:00+00:00,MIAMI_HEAT,INDIANA_PACERS
1030,2020-03-20 18:30:00+00:00,WASHINGTON_WIZARDS,ATLANTA_HAWKS
1031,2020-03-20 18:30:00+00:00,BOSTON_CELTICS,TORONTO_RAPTORS
1032,2020-03-20 19:00:00+00:00,DENVER_NUGGETS,OKLAHOMA_CITY_THUNDER
1033,2020-03-20 19:30:00+00:00,CHICAGO_BULLS,SAN_ANTONIO_SPURS
1034,2020-03-20 20:00:00+00:00,MINNESOTA_TIMBERWOLVES,UTAH_JAZZ
1035,2020-03-20 21:30:00+00:00,PHOENIX_SUNS,LOS_ANGELES_CLIPPERS
1036,2020-03-21 17:00:00+00:00,BOSTON_CELTICS,BROOKLYN_NETS
1037,2020-03-21 18:00:00+00:00,LOS_ANGELES_LAKERS,CHARLOTTE_HORNETS
1038,2020-03-21 18:00:00+00:00,CLEVELAND_CAVALIERS,INDIANA_PACERS
1039,2020-03-21 18:00:00+00:00,SACRAMENTO_KINGS,ORLANDO_MAGIC
1040,2020-03-21 18:00:00+00:00,ATLANTA_HAWKS,PHILADELPHIA_76ERS
1041,2020-03-21 18:30:00+00:00,GOLDEN_STATE_WARRIORS,NEW_YORK_KNICKS
1042,2020-03-21 19:00:00+00:00,CHICAGO_BULLS,HOUSTON_ROCKETS
1043,2020-03-21 19:00:00+00:00,NEW_ORLEANS_PELICANS,MEMPHIS_GRIZZLIES
1044,2020-03-21 19:00:00+00:00,MILWAUKEE_BUCKS,WASHINGTON_WIZARDS
1045,2020-03-21 21:00:00+00:00,DALLAS_MAVERICKS,PHOENIX_SUNS
1046,2020-03-22 17:00:00+00:00,LOS_ANGELES_LAKERS,DETROIT_PISTONS
1047,2020-03-22 17:00:00+00:00,DENVER_NUGGETS,TORONTO_RAPTORS
1048,2020-03-22 18:00:00+00:00,PORTLAND_TRAIL_BLAZERS,MINNESOTA_TIMBERWOLVES
1049,2020-03-22 18:00:00+00:00,SACRAMENTO_KINGS,NEW_ORLEANS_PELICANS
1050,2020-03-22 18:00:00+00:00,UTAH_JAZZ,SAN_ANTONIO_SPURS
1051,2020-03-23 18:00:00+00:00,PHOENIX_SUNS,INDIANA_PACERS
1052,2020-03-23 18:00:00+00:00,LOS_ANGELES_CLIPPERS,NEW_YORK_KNICKS
1053,2020-03-23 18:00:00+00:00,BOSTON_CELTICS,WASHINGTON_WIZARDS
1054,2020-03-23 18:30:00+00:00,ORLANDO_MAGIC,BROOKLYN_NETS
1055,2020-03-23 18:30:00+00:00,OKLAHOMA_CITY_THUNDER,MIAMI_HEAT
1056,2020-03-23 19:00:00+00:00,DENVER_NUGGETS,CHICAGO_BULLS
1057,2020-03-23 19:00:00+00:00,DETROIT_PISTONS,MILWAUKEE_BUCKS
1058,2020-03-23 19:30:00+00:00,HOUSTON_ROCKETS,DALLAS_MAVERICKS
1059,2020-03-24 18:00:00+00:00,PORTLAND_TRAIL_BLAZERS,CHARLOTTE_HORNETS
1060,2020-03-24 18:00:00+00:00,SACRAMENTO_KINGS,CLEVELAND_CAVALIERS
1061,2020-03-24 18:30:00+00:00,LOS_ANGELES_LAKERS,TORONTO_RAPTORS
1062,2020-03-24 19:00:00+00:00,PHILADELPHIA_76ERS,MINNESOTA_TIMBERWOLVES
1063,2020-03-24 19:00:00+00:00,MEMPHIS_GRIZZLIES,NEW_ORLEANS_PELICANS
1064,2020-03-24 21:00:00+00:00,SAN_ANTONIO_SPURS,UTAH_JAZZ
1065,2020-03-25 18:00:00+00:00,LOS_ANGELES_CLIPPERS,BROOKLYN_NETS
1066,2020-03-25 18:00:00+00:00,PORTLAND_TRAIL_BLAZERS,DETROIT_PISTONS
1067,2020-03-25 18:00:00+00:00,INDIANA_PACERS,ORLANDO_MAGIC
1068,2020-03-25 18:00:00+00:00,PHOENIX_SUNS,WASHINGTON_WIZARDS
1069,2020-03-25 18:30:00+00:00,DENVER_NUGGETS,MIAMI_HEAT
1070,2020-03-25 18:30:00+00:00,TORONTO_RAPTORS,NEW_YORK_KNICKS
1071,2020-03-25 19:00:00+00:00,BOSTON_CELTICS,MEMPHIS_GRIZZLIES
1072,2020-03-25 20:30:00+00:00,HOUSTON_ROCKETS,MILWAUKEE_BUCKS
1073,2020-03-25 21:30:00+00:00,ATLANTA_HAWKS,GOLDEN_STATE_WARRIORS
1074,2020-03-26 18:00:00+00:00,LOS_ANGELES_LAKERS,CLEVELAND_CAVALIERS
1075,2020-03-26 19:00:00+00:00,PHILADELPHIA_76ERS,CHICAGO_BULLS
1076,2020-03-26 19:00:00+00:00,SAN_ANTONIO_SPURS,MINNESOTA_TIMBERWOLVES
1077,2020-03-26 19:00:00+00:00,CHARLOTTE_HORNETS,OKLAHOMA_CITY_THUNDER
1078,2020-03-26 19:30:00+00:00,UTAH_JAZZ,DALLAS_MAVERICKS
1079,2020-03-26 21:00:00+00:00,ATLANTA_HAWKS,SACRAMENTO_KINGS
1080,2020-03-27 18:00:00+00:00,LOS_ANGELES_CLIPPERS,DETROIT_PISTONS
1081,2020-03-27 18:00:00+00:00,HOUSTON_ROCKETS,INDIANA_PACERS
1082,2020-03-27 18:00:00+00:00,BROOKLYN_NETS,ORLANDO_MAGIC
1083,2020-03-27 18:00:00+00:00,PHOENIX_SUNS,PHILADELPHIA_76ERS
1084,2020-03-27 18:30:00+00:00,PORTLAND_TRAIL_BLAZERS,BOSTON_CELTICS
1085,2020-03-27 19:00:00+00:00,NEW_YORK_KNICKS,NEW_ORLEANS_PELICANS
1086,2020-03-27 19:30:00+00:00,WASHINGTON_WIZARDS,MILWAUKEE_BUCKS
1087,2020-03-27 20:00:00+00:00,SAN_ANTONIO_SPURS,DENVER_NUGGETS
1088,2020-03-28 17:00:00+00:00,CLEVELAND_CAVALIERS,BROOKLYN_NETS
1089,2020-03-28 18:00:00+00:00,LOS_ANGELES_CLIPPERS,CHARLOTTE_HORNETS
1090,2020-03-28 19:00:00+00:00,NEW_YORK_KNICKS,CHICAGO_BULLS
1091,2020-03-28 19:00:00+00:00,TORONTO_RAPTORS,MEMPHIS_GRIZZLIES
1092,2020-03-28 19:00:00+00:00,PHOENIX_SUNS,MIAMI_HEAT
1093,2020-03-28 19:00:00+00:00,LOS_ANGELES_LAKERS,WASHINGTON_WIZARDS
1094,2020-03-28 19:30:00+00:00,OKLAHOMA_CITY_THUNDER,GOLDEN_STATE_WARRIORS
1095,2020-03-28 20:00:00+00:00,ATLANTA_HAWKS,UTAH_JAZZ
1096,2020-03-29 14:00:00+00:00,MILWAUKEE_BUCKS,DALLAS_MAVERICKS
1097,2020-03-29 16:00:00+00:00,HOUSTON_ROCKETS,DETROIT_PISTONS
1098,2020-03-29 17:00:00+00:00,MINNESOTA_TIMBERWOLVES,BOSTON_CELTICS
1099,2020-03-29 17:00:00+00:00,NEW_ORLEANS_PELICANS,ORLANDO_MAGIC
1100,2020-03-29 18:30:00+00:00,PORTLAND_TRAIL_BLAZERS,PHILADELPHIA_76ERS
1101,2020-03-29 19:30:00+00:00,SAN_ANTONIO_SPURS,GOLDEN_STATE_WARRIORS
1102,2020-03-29 20:00:00+00:00,INDIANA_PACERS,SACRAMENTO_KINGS
1103,2020-03-30 18:00:00+00:00,MIAMI_HEAT,CHARLOTTE_HORNETS
1104,2020-03-30 18:00:00+00:00,PHOENIX_SUNS,CLEVELAND_CAVALIERS
1105,2020-03-30 18:30:00+00:00,PORTLAND_TRAIL_BLAZERS,BROOKLYN_NETS
1106,2020-03-30 18:30:00+00:00,MEMPHIS_GRIZZLIES,TORONTO_RAPTORS
1107,2020-03-30 19:00:00+00:00,LOS_ANGELES_LAKERS,MINNESOTA_TIMBERWOLVES
1108,2020-03-30 20:00:00+00:00,OKLAHOMA_CITY_THUNDER,DENVER_NUGGETS
1109,2020-03-30 20:00:00+00:00,CHICAGO_BULLS,UTAH_JAZZ
1110,2020-03-30 21:30:00+00:00,INDIANA_PACERS,LOS_ANGELES_CLIPPERS
1111,2020-03-31 18:30:00+00:00,NEW_ORLEANS_PELICANS,ATLANTA_HAWKS
1112,2020-03-31 18:30:00+00:00,HOUSTON_ROCKETS,PHILADELPHIA_76ERS
1113,2020-03-31 21:00:00+00:00,DENVER_NUGGETS,GOLDEN_STATE_WARRIORS
1114,2020-03-31 21:00:00+00:00,SAN_ANTONIO_SPURS,SACRAMENTO_KINGS
1115,2020-04-01 18:00:00+00:00,CHARLOTTE_HORNETS,ORLANDO_MAGIC
1116,2020-04-01 18:00:00+00:00,NEW_ORLEANS_PELICANS,WASHINGTON_WIZARDS
1117,2020-04-01 18:30:00+00:00,MIAMI_HEAT,BOSTON_CELTICS
1118,2020-04-01 18:30:00+00:00,DETROIT_PISTONS,BROOKLYN_NETS
1119,2020-04-01 19:00:00+00:00,NEW_YORK_KNICKS,MEMPHIS_GRIZZLIES
1120,2020-04-01 19:00:00+00:00,DALLAS_MAVERICKS,MINNESOTA_TIMBERWOLVES
1121,2020-04-01 19:00:00+00:00,PHOENIX_SUNS,OKLAHOMA_CITY_THUNDER
1122,2020-04-01 20:00:00+00:00,TORONTO_RAPTORS,MILWAUKEE_BUCKS
1123,2020-04-01 20:00:00+00:00,CLEVELAND_CAVALIERS,UTAH_JAZZ
1124,2020-04-01 21:30:00+00:00,INDIANA_PACERS,LOS_ANGELES_LAKERS
1125,2020-04-02 19:00:00+00:00,GOLDEN_STATE_WARRIORS,HOUSTON_ROCKETS
1126,2020-04-02 21:00:00+00:00,LOS_ANGELES_CLIPPERS,SACRAMENTO_KINGS
1127,2020-04-02 21:30:00+00:00,UTAH_JAZZ,PORTLAND_TRAIL_BLAZERS
1128,2020-04-03 18:00:00+00:00,MIAMI_HEAT,DETROIT_PISTONS
1129,2020-04-03 18:00:00+00:00,BROOKLYN_NETS,INDIANA_PACERS
1130,2020-04-03 18:00:00+00:00,PHILADELPHIA_76ERS,WASHINGTON_WIZARDS
1131,2020-04-03 18:30:00+00:00,CHARLOTTE_HORNETS,ATLANTA_HAWKS
1132,2020-04-03 18:30:00+00:00,ORLANDO_MAGIC,BOSTON_CELTICS
1133,2020-04-03 18:30:00+00:00,MINNESOTA_TIMBERWOLVES,NEW_YORK_KNICKS
1134,2020-04-03 18:30:00+00:00,MILWAUKEE_BUCKS,TORONTO_RAPTORS
1135,2020-04-03 19:00:00+00:00,DALLAS_MAVERICKS,MEMPHIS_GRIZZLIES
1136,2020-04-03 19:30:00+00:00,GOLDEN_STATE_WARRIORS,SAN_ANTONIO_SPURS
1137,2020-04-03 20:00:00+00:00,CHICAGO_BULLS,DENVER_NUGGETS
1138,2020-04-03 21:00:00+00:00,CLEVELAND_CAVALIERS,PHOENIX_SUNS
1139,2020-04-04 14:30:00+00:00,OKLAHOMA_CITY_THUNDER,LOS_ANGELES_CLIPPERS
1140,2020-04-04 21:00:00+00:00,LOS_ANGELES_LAKERS,SACRAMENTO_KINGS
1141,2020-04-05 12:00:00+00:00,ATLANTA_HAWKS,CHARLOTTE_HORNETS
1142,2020-04-05 12:00:00+00:00,ORLANDO_MAGIC,PHILADELPHIA_76ERS
1143,2020-04-05 14:30:00+00:00,MILWAUKEE_BUCKS,BOSTON_CELTICS
1144,2020-04-05 16:00:00+00:00,WASHINGTON_WIZARDS,INDIANA_PACERS
1145,2020-04-05 16:00:00+00:00,MIAMI_HEAT,NEW_YORK_KNICKS
1146,2020-04-05 17:00:00+00:00,DALLAS_MAVERICKS,BROOKLYN_NETS
1147,2020-04-05 17:00:00+00:00,UTAH_JAZZ,DENVER_NUGGETS
1148,2020-04-05 17:00:00+00:00,CHICAGO_BULLS,PHOENIX_SUNS
1149,2020-04-05 18:00:00+00:00,TORONTO_RAPTORS,HOUSTON_ROCKETS
1150,2020-04-05 18:00:00+00:00,DETROIT_PISTONS,MINNESOTA_TIMBERWOLVES
1151,2020-04-05 18:00:00+00:00,NEW_ORLEANS_PELICANS,SAN_ANTONIO_SPURS
1152,2020-04-05 20:00:00+00:00,MEMPHIS_GRIZZLIES,PORTLAND_TRAIL_BLAZERS
1153,2020-04-05 20:00:00+00:00,CLEVELAND_CAVALIERS,SACRAMENTO_KINGS
1154,2020-04-05 20:30:00+00:00,OKLAHOMA_CITY_THUNDER,LOS_ANGELES_LAKERS
1155,2020-04-07 18:00:00+00:00,TORONTO_RAPTORS,WASHINGTON_WIZARDS
1156,2020-04-07 18:30:00+00:00,DETROIT_PISTONS,ATLANTA_HAWKS
1157,2020-04-07 18:30:00+00:00,INDIANA_PACERS,MIAMI_HEAT
1158,2020-04-07 18:30:00+00:00,MILWAUKEE_BUCKS,PHILADELPHIA_76ERS
1159,2020-04-07 19:00:00+00:00,PHOENIX_SUNS,MINNESOTA_TIMBERWOLVES
1160,2020-04-07 19:00:00+00:00,CHARLOTTE_HORNETS,NEW_ORLEANS_PELICANS
1161,2020-04-07 19:00:00+00:00,BROOKLYN_NETS,OKLAHOMA_CITY_THUNDER
1162,2020-04-07 19:30:00+00:00,HOUSTON_ROCKETS,DALLAS_MAVERICKS
1163,2020-04-07 19:30:00+00:00,SACRAMENTO_KINGS,SAN_ANTONIO_SPURS
1164,2020-04-07 20:00:00+00:00,MEMPHIS_GRIZZLIES,DENVER_NUGGETS
1165,2020-04-07 21:00:00+00:00,CLEVELAND_CAVALIERS,PORTLAND_TRAIL_BLAZERS
1166,2020-04-07 21:00:00+00:00,LOS_ANGELES_CLIPPERS,UTAH_JAZZ
1167,2020-04-07 21:30:00+00:00,CHICAGO_BULLS,LOS_ANGELES_LAKERS
1168,2020-04-08 18:00:00+00:00,INDIANA_PACERS,BOSTON_CELTICS
1169,2020-04-08 18:00:00+00:00,TORONTO_RAPTORS,CHARLOTTE_HORNETS
1170,2020-04-08 18:30:00+00:00,ORLANDO_MAGIC,NEW_YORK_KNICKS
1171,2020-04-08 20:30:00+00:00,SAN_ANTONIO_SPURS,HOUSTON_ROCKETS
1172,2020-04-08 21:30:00+00:00,CLEVELAND_CAVALIERS,GOLDEN_STATE_WARRIORS
1173,2020-04-08 21:30:00+00:00,CHICAGO_BULLS,LOS_ANGELES_CLIPPERS
1174,2020-04-09 18:30:00+00:00,DETROIT_PISTONS,MIAMI_HEAT
1175,2020-04-09 19:00:00+00:00,BROOKLYN_NETS,MILWAUKEE_BUCKS
1176,2020-04-09 19:00:00+00:00,SACRAMENTO_KINGS,MINNESOTA_TIMBERWOLVES
1177,2020-04-09 19:00:00+00:00,PHOENIX_SUNS,NEW_ORLEANS_PELICANS
1178,2020-04-09 21:00:00+00:00,DENVER_NUGGETS,PORTLAND_TRAIL_BLAZERS
1179,2020-04-09 21:30:00+00:00,GOLDEN_STATE_WARRIORS,LOS_ANGELES_LAKERS
1180,2020-04-10 18:00:00+00:00,BOSTON_CELTICS,ORLANDO_MAGIC
1181,2020-04-10 18:30:00+00:00,ATLANTA_HAWKS,TORONTO_RAPTORS
1182,2020-04-10 19:00:00+00:00,WASHINGTON_WIZARDS,HOUSTON_ROCKETS
1183,2020-04-10 19:00:00+00:00,NEW_YORK_KNICKS,OKLAHOMA_CITY_THUNDER
1184,2020-04-10 19:30:00+00:00,PHILADELPHIA_76ERS,SAN_ANTONIO_SPURS
1185,2020-04-11 14:00:00+00:00,DETROIT_PISTONS,DALLAS_MAVERICKS
1186,2020-04-11 18:00:00+00:00,WASHINGTON_WIZARDS,CHARLOTTE_HORNETS
1187,2020-04-11 18:00:00+00:00,ORLANDO_MAGIC,INDIANA_PACERS
1188,2020-04-11 18:00:00+00:00,PHILADELPHIA_76ERS,NEW_ORLEANS_PELICANS
1189,2020-04-11 18:30:00+00:00,MILWAUKEE_BUCKS,CLEVELAND_CAVALIERS
1190,2020-04-11 19:00:00+00:00,BROOKLYN_NETS,CHICAGO_BULLS
1191,2020-04-11 19:00:00+00:00,OKLAHOMA_CITY_THUNDER,MEMPHIS_GRIZZLIES
1192,2020-04-11 19:00:00+00:00,BOSTON_CELTICS,MIAMI_HEAT
1193,2020-04-11 19:30:00+00:00,GOLDEN_STATE_WARRIORS,LOS_ANGELES_CLIPPERS
1194,2020-04-11 20:00:00+00:00,SACRAMENTO_KINGS,DENVER_NUGGETS
1195,2020-04-11 21:00:00+00:00,UTAH_JAZZ,PHOENIX_SUNS
1196,2020-04-12 14:30:00+00:00,HOUSTON_ROCKETS,SAN_ANTONIO_SPURS
1197,2020-04-12 17:00:00+00:00,NEW_YORK_KNICKS,TORONTO_RAPTORS
1198,2020-04-12 18:00:00+00:00,ATLANTA_HAWKS,MILWAUKEE_BUCKS
1199,2020-04-12 20:30:00+00:00,MINNESOTA_TIMBERWOLVES,LOS_ANGELES_LAKERS
1200,2020-04-13 18:00:00+00:00,MIAMI_HEAT,CHARLOTTE_HORNETS
1201,2020-04-13 18:00:00+00:00,BROOKLYN_NETS,CLEVELAND_CAVALIERS
1202,2020-04-13 18:00:00+00:00,BOSTON_CELTICS,DETROIT_PISTONS
1203,2020-04-13 18:00:00+00:00,SAN_ANTONIO_SPURS,INDIANA_PACERS
1204,2020-04-13 19:00:00+00:00,ORLANDO_MAGIC,CHICAGO_BULLS
1205,2020-04-13 19:00:00+00:00,PHOENIX_SUNS,HOUSTON_ROCKETS
1206,2020-04-13 19:00:00+00:00,PHILADELPHIA_76ERS,MEMPHIS_GRIZZLIES
1207,2020-04-13 19:00:00+00:00,WASHINGTON_WIZARDS,NEW_ORLEANS_PELICANS
1208,2020-04-13 19:00:00+00:00,UTAH_JAZZ,OKLAHOMA_CITY_THUNDER
1209,2020-04-13 20:00:00+00:00,DALLAS_MAVERICKS,DENVER_NUGGETS
1210,2020-04-13 21:30:00+00:00,PORTLAND_TRAIL_BLAZERS,GOLDEN_STATE_WARRIORS
1211,2020-04-13 21:30:00+00:00,MINNESOTA_TIMBERWOLVES,LOS_ANGELES_CLIPPERS
1212,2020-04-14 18:30:00+00:00,TORONTO_RAPTORS,MIAMI_HEAT
1213,2020-04-14 18:30:00+00:00,DETROIT_PISTONS,NEW_YORK_KNICKS
1214,2020-04-14 21:00:00+00:00,DENVER_NUGGETS,UTAH_JAZZ
1215,2020-04-14 21:30:00+00:00,SACRAMENTO_KINGS,LOS_ANGELES_LAKERS
1216,2020-04-15 18:30:00+00:00,CLEVELAND_CAVALIERS,ATLANTA_HAWKS
1217,2020-04-15 18:30:00+00:00,CHICAGO_BULLS,BOSTON_CELTICS
1218,2020-04-15 18:30:00+00:00,MILWAUKEE_BUCKS,BROOKLYN_NETS
1219,2020-04-15 18:30:00+00:00,OKLAHOMA_CITY_THUNDER,DALLAS_MAVERICKS
1220,2020-04-15 18:30:00+00:00,MEMPHIS_GRIZZLIES,HOUSTON_ROCKETS
1221,2020-04-15 18:30:00+00:00,NEW_YORK_KNICKS,MINNESOTA_TIMBERWOLVES
1222,2020-04-15 18:30:00+00:00,TORONTO_RAPTORS,ORLANDO_MAGIC
1223,2020-04-15 18:30:00+00:00,CHARLOTTE_HORNETS,PHILADELPHIA_76ERS
1224,2020-04-15 18:30:00+00:00,NEW_ORLEANS_PELICANS,SAN_ANTONIO_SPURS
1225,2020-04-15 18:30:00+00:00,INDIANA_PACERS,WASHINGTON_WIZARDS
1226,2020-04-15 21:00:00+00:00,LOS_ANGELES_LAKERS,PHOENIX_SUNS
1227,2020-04-15 21:00:00+00:00,LOS_ANGELES_CLIPPERS,PORTLAND_TRAIL_BLAZERS
1228,2020-04-15 21:00:00+00:00,GOLDEN_STATE_WARRIORS,SACRAMENTO_KINGS
